Time [s],Primary Continuity,Backup Continuity,Low Voltage [V],High Voltage [V],Linear Acceleration X [m/s^2],Linear Acceleration Y [m/s^2],Linear Acceleration Z [m/s^2],Altitude [m],Flight State,Accleration X [m/s^2],Accleration Y [m/s^2],Accleration Z [m/s^2],Gravity Acceleration X [m/s^2],Gravity Acceleration Y [m/s^2],Gravity Acceleration Z [m/s^2],Magnetic Field Strength X [uT],Magnetic Field Strength Y [uT],Magnetic Field Strength Z [uT],Gyro 1,Gyro 2,Gyro 3,Euler Angles 1,Euler Angles 2,Euler Angles 3,Quaternion 1,Quaternion 2,Quaternion 3,Quaternion 4,High Current [A],TemperaturePressure [hPa],Low Power [W],Low Current [A],High Power [W],extra1,extra2,extra3,extra4
674.34985,0.00000,0.00000,4.12375,12.55375,0.04000,-0.10000,-0.38000,1.26829,1.00000,0.22000,1.13000,9.34000,0.18000,1.24000,9.72000,-78.25000,-194.56250,-221.25000,0.00654,0.00436,-0.00218,0.62500,1.06250,-7.31250,0.99792,0.06378,-0.00970,-0.00555,0.00000,26.74316,995.74146,310.00000,75.00000,0.00000,-0.22266,-9.83538,-0.70150
674.54980,0.00000,0.00000,4.11500,12.55375,-0.01000,0.00000,-0.35000,0.64471,1.00000,0.17000,1.24000,9.37000,0.18000,1.24000,9.72000,-77.50000,-193.75000,-221.56250,0.00545,0.00436,0.00000,0.62500,1.06250,-7.31250,0.99792,0.06378,-0.00970,-0.00555,-1.25000,26.73808,995.66138,290.00000,251.25000,10.00000,-0.95289,-78.45319,-3.07415
674.74976,0.00000,0.00000,4.12375,12.55375,3.73000,1.15000,29.49999,2.48374,1.00000,6.05000,5.24000,39.21999,0.33000,1.25000,9.72000,-45.87500,-115.25000,-130.75000,-0.23344,-0.09599,0.31634,358.87500,1.87500,-7.31250,0.99780,0.06317,-0.01697,0.01031,1.25000,26.73808,995.34302,290.00000,72.50000,0.00000,-4.07254,-78.45319,-1.25456
674.94971,0.00000,0.00000,4.12250,12.55375,3.33000,2.40000,29.49999,8.71950,1.00000,3.97000,3.11000,39.21999,0.54000,1.19000,9.71000,-46.00000,-113.00000,-130.06250,-0.03054,-0.16472,-0.18108,358.50000,3.12500,-7.00000,0.99768,0.06134,-0.02765,0.01208,0.00000,26.74316,994.43701,310.00000,73.75000,0.00000,-3.34230,-78.45319,-1.22823
675.14966,0.00000,0.00000,4.12250,12.55375,2.84000,1.95000,29.49999,17.65039,1.00000,3.78000,3.29000,39.21999,0.84000,1.05000,9.71000,-46.68750,-111.06250,-127.56250,-0.12217,-0.14726,-0.07418,359.81250,4.93750,-6.18750,0.99762,0.05347,-0.04401,0.00085,-1.25000,26.74316,993.24048,290.00000,70.00000,10.00000,-4.05578,-78.45319,-1.81720
675.34961,0.00000,0.00000,4.12250,12.55249,2.71000,2.62000,29.48999,30.29102,1.00000,3.72000,3.39000,39.21999,1.01000,0.74000,9.72000,-47.18750,-109.56250,-127.18750,-0.15381,0.02618,0.52142,358.31250,5.93750,-4.37500,0.99780,0.03888,-0.05133,0.01422,0.00000,26.73554,991.58276,290.00000,71.25000,0.00000,-3.35428,-78.45319,-1.91057
675.54956,0.00000,0.00000,4.12250,12.55249,3.08000,3.22000,29.45999,46.56743,1.00000,3.92000,3.64000,39.21999,0.82000,0.41000,9.76000,-46.18750,-103.75000,-122.00000,0.00327,0.23998,1.12356,348.31250,4.81250,-2.37500,0.99377,0.02509,-0.03967,0.10120,0.00000,26.74062,989.49146,290.00000,71.25000,0.00000,-2.65517,-78.45319,-2.13084
675.74951,0.00000,0.00000,4.12375,12.55375,4.21000,3.46000,29.43999,64.87311,1.00000,4.75000,3.93000,39.21999,0.52000,0.48000,9.77999,-23.68750,-75.25000,-121.68750,0.17453,0.11890,0.83230,337.06250,3.00000,-2.81250,0.97949,0.02942,-0.02130,0.19824,0.00000,26.73554,987.30688,310.00000,73.75000,0.00000,-4.07972,-78.45319,-3.42131
675.94946,0.00000,0.00000,4.12250,12.55375,3.61000,1.89000,29.44999,84.66901,1.00000,4.21000,2.58000,39.21999,0.60000,0.68000,9.76000,-16.25000,-58.75000,-126.75000,0.09163,-0.04472,1.24682,326.56250,3.56250,-4.00000,0.95667,0.04272,-0.01984,0.28729,0.00000,26.73066,984.75610,310.00000,73.75000,0.00000,-3.97437,-78.45319,-1.94170
676.14941,0.00000,0.00000,4.12250,12.55375,3.37000,3.22000,29.44999,109.70721,1.00000,4.12000,3.67000,39.21999,0.74000,0.45000,9.76000,-17.87500,-46.37500,-125.75000,-0.08181,0.10690,1.79442,308.87500,4.31250,-2.50000,0.90143,0.03613,-0.02460,0.43073,-2.50000,26.72812,981.71533,290.00000,72.50000,30.00000,-3.41174,-76.76526,-1.57778
676.34937,0.00000,0.00000,4.12500,12.55375,3.86000,2.60000,29.43999,137.25024,2.00000,4.58000,2.75000,39.21999,0.71000,0.14000,9.77000,-19.18750,-34.18750,-124.18750,-0.05672,0.01309,1.88059,289.43750,4.18750,-0.75000,0.81586,0.02661,-0.02612,0.57709,0.00000,26.72559,978.39771,310.00000,73.75000,0.00000,-4.03662,-69.58267,-2.13802
676.54932,0.00000,0.00000,4.12375,12.55375,4.00000,3.46000,29.43999,166.51605,2.00000,4.71000,3.31000,39.21999,0.71000,-0.14000,9.77000,-22.06250,-21.50000,-122.37500,0.11999,0.00982,1.58280,268.62500,4.12500,0.81250,0.69830,0.02075,-0.03052,0.71490,0.00000,26.71816,974.99512,290.00000,72.50000,0.00000,-3.27287,-37.64641,-1.45807
676.75537,0.00000,0.00000,4.12250,12.55375,2.20000,0.53000,9.95000,196.35266,2.00000,1.69000,1.99000,16.17999,0.66000,-0.10000,9.77999,-23.50000,-14.75000,-120.37500,0.08618,0.04145,1.93731,250.62500,3.87500,0.56250,0.57782,0.02472,-0.02399,0.81543,1.25000,26.72070,970.30615,290.00000,71.25000,10.00000,-0.62728,7.20415,-0.72544
676.95508,0.00000,0.00000,4.12125,12.55375,2.11000,-0.08000,-17.32999,260.26392,2.00000,2.44000,-0.18000,-7.53000,0.29000,-0.07000,9.80000,-24.50000,-8.18750,-121.75000,0.27925,0.35670,2.47400,225.81250,1.68750,0.43750,0.38947,0.01221,-0.00958,0.92090,1.25000,26.71816,963.57837,290.00000,73.75000,10.00000,-5.37977,6.14591,0.06943
677.15503,0.00000,0.00000,4.12125,12.55375,4.36000,-2.49000,-17.05000,302.54028,2.00000,4.14000,-2.22000,-7.24000,-0.23000,0.28000,9.79000,-19.50000,-1.37500,-123.68750,0.10690,0.24216,2.96815,196.12500,-1.37500,-1.62500,0.14050,-0.00989,0.01605,0.98987,0.00000,26.71328,958.91650,290.00000,70.00000,0.00000,-4.34787,7.31907,0.24181
677.35498,0.00000,0.00000,4.12250,12.55375,4.43000,-2.98000,-17.14999,335.12488,2.00000,3.95000,-2.64000,-7.36000,-0.48000,0.34000,9.77999,-11.25000,2.25000,-124.56250,-0.15490,0.27271,3.50484,160.50000,-2.87500,-2.00000,-0.16901,-0.02802,0.01324,0.98511,-1.25000,26.71074,955.39771,290.00000,76.25000,10.00000,-4.64475,5.63116,0.09337
677.55493,0.00000,0.00000,4.12125,12.55375,5.20000,-2.63000,-17.21999,368.71338,2.00000,4.55000,-1.93000,-7.46000,-0.64000,0.69000,9.76000,2.37500,7.25000,-124.18750,0.04581,0.21271,4.07534,118.06250,-3.75000,-4.18750,-0.51385,-0.04700,0.01471,0.85645,0.00000,26.71328,951.38647,310.00000,75.00000,0.00000,-3.49553,7.76679,-0.13647
677.75488,0.00000,0.00000,4.12125,12.55375,4.01000,-3.25000,-16.77000,401.19226,2.00000,3.67000,-2.21000,-7.03000,-0.33000,1.04000,9.74000,14.25000,-2.18750,-122.68750,-0.11672,0.27598,3.86808,73.62500,-1.87500,-6.12500,-0.79907,-0.05280,0.01874,0.59857,0.00000,26.71074,948.04980,290.00000,73.75000,0.00000,-3.26569,8.26239,-1.18992
677.95483,0.00000,0.00000,4.12375,12.55375,5.08000,-3.42000,-16.80000,436.94751,2.00000,4.93000,-2.31000,-7.06000,-0.15000,1.10000,9.74000,17.18750,-12.87500,-121.25000,0.02400,0.29125,4.04698,30.18750,-0.75000,-6.50000,-0.96381,-0.05682,0.00812,0.26044,-2.50000,26.70078,943.77271,310.00000,75.00000,30.00000,-4.97276,5.62158,-0.83797
678.15479,0.00000,0.00000,4.12250,12.55375,3.34000,-2.92000,-16.20000,469.63770,2.00000,3.66000,-1.97000,-6.44000,0.31000,0.94000,9.75000,9.25000,-24.18750,-120.75000,-0.10036,0.17235,4.03716,345.25000,1.93750,-5.37500,-0.99054,-0.04907,0.01099,-0.12775,-1.25000,26.70332,940.34033,310.00000,75.00000,10.00000,-2.90417,5.62398,-0.41420
678.35474,0.00000,0.00000,4.12375,12.55500,3.19000,-0.68000,-15.89999,498.35400,2.00000,2.86000,-0.90000,-6.10000,0.40000,0.39000,9.79000,-4.25000,-25.00000,-120.06250,-0.06436,0.25962,3.91281,301.18750,2.31250,-2.18750,-0.87085,-0.02655,0.00824,-0.49072,0.00000,26.69082,936.89136,290.00000,72.50000,0.00000,-3.21062,3.90734,-0.16520
678.55469,0.00000,0.00000,4.12375,12.55375,2.84000,-1.93000,-15.71999,532.22778,2.00000,3.71000,-1.50000,-6.05000,0.11000,0.24000,9.80000,-14.06250,-18.37500,-119.50000,0.00873,0.26398,3.71646,258.75000,0.56250,-1.37500,-0.63440,-0.01154,-0.00616,-0.77289,0.00000,26.68340,933.21802,310.00000,75.00000,0.00000,-3.16753,4.66869,0.28012
678.75464,0.00000,0.00000,4.12375,12.55375,3.12000,-1.89000,-15.48000,561.86353,2.00000,3.02000,-1.51000,-5.71000,-0.28000,0.11000,9.80000,-17.37500,-6.25000,-121.06250,-0.13199,0.27707,3.57901,218.81250,-1.81250,-0.62500,-0.33240,0.01300,-0.01080,-0.94299,0.00000,26.67831,930.05835,290.00000,72.50000,0.00000,-3.35667,6.27999,-0.47645
678.95459,0.00000,0.00000,4.07250,12.55375,4.48000,-1.13000,-15.48999,590.22046,2.00000,3.71000,-1.04000,-5.66000,-0.74000,0.28000,9.77000,-11.50000,3.87500,-120.37500,-0.03818,0.27162,3.77973,178.12500,-4.43750,-1.75000,0.01630,0.03906,-0.01501,-0.99896,1.25000,26.67578,926.79248,290.00000,72.50000,10.00000,-2.46842,4.12042,-0.55306
679.15454,0.00000,0.00000,4.12375,12.55125,3.35000,-1.37000,-14.95000,618.55615,2.00000,2.64000,-0.58000,-5.20000,-0.69000,0.81000,9.74000,0.68750,7.00000,-118.25000,-0.04363,0.15490,3.82663,137.43750,-4.06250,-4.75000,0.37915,0.04828,-0.02618,-0.92371,-1.25000,26.67831,923.69189,290.00000,71.25000,10.00000,-2.02071,4.26647,-0.13886
679.35449,0.00000,0.00000,4.12375,12.55375,3.63000,-1.82000,-14.91000,646.04639,2.00000,3.10000,-0.74000,-5.18000,-0.52000,1.10000,9.73000,11.56250,3.68750,-118.25000,-0.02509,0.30980,3.54411,97.18750,-3.00000,-6.43750,0.67267,0.05792,-0.02448,-0.73724,-1.25000,26.68340,920.62646,290.00000,70.00000,10.00000,-2.65756,7.23049,-0.99120
679.55444,0.00000,0.00000,4.12125,12.55375,2.64000,-3.01000,-14.64000,673.70581,2.00000,2.45000,-1.66000,-4.93000,-0.17000,1.35000,9.71000,18.06250,-5.87500,-118.50000,-0.03382,0.23889,3.50375,57.50000,-1.00000,-7.87500,0.87439,0.06482,-0.02557,-0.48022,0.00000,26.68574,917.61328,310.00000,73.75000,0.00000,-2.48997,4.50828,-0.52912
679.75439,0.00000,0.00000,4.12375,12.55375,2.82000,-2.15000,-14.48999,702.18945,2.00000,2.97000,-1.01000,-4.75000,0.15000,1.14000,9.73000,16.06250,-17.75000,-117.87500,-0.11672,0.28034,3.42303,19.56250,0.93750,-6.56250,0.98376,0.05530,-0.01813,-0.16968,0.00000,26.68340,914.37451,290.00000,72.50000,0.00000,-2.42054,4.79798,-0.03112
679.95435,0.00000,0.00000,4.12375,12.55375,3.41000,-2.23000,-14.48999,729.63745,2.00000,3.78000,-1.41000,-4.73000,0.37000,0.82000,9.76000,8.37500,-24.00000,-116.68750,-0.07963,0.18980,3.57356,340.12500,2.18750,-4.68750,0.98401,0.04388,-0.01202,0.17230,1.25000,26.68340,911.51025,290.00000,72.50000,10.00000,-1.97761,3.78763,0.25618
680.15430,0.00000,0.00000,4.12125,12.55375,2.35000,-1.01000,-14.09999,755.23584,2.00000,2.74000,-0.64000,-4.31000,0.39000,0.37000,9.79000,-3.75000,-24.75000,-117.18750,-0.08945,0.21708,3.42630,301.25000,2.25000,-2.00000,0.87122,0.02527,-0.00848,0.49017,-1.25000,26.68085,908.69873,310.00000,75.00000,10.00000,-1.57299,5.32949,0.01437
680.35425,0.00000,0.00000,4.12375,12.55500,1.79000,-0.88000,-13.89000,780.59106,2.00000,1.86000,-0.83000,-4.08000,0.07000,0.04000,9.80000,-12.00000,-15.75000,-117.06250,-0.08836,0.24762,3.32376,263.75000,0.25000,-0.18750,0.66791,0.00311,-0.00043,0.74426,0.00000,26.68085,905.91479,320.00000,76.25000,0.00000,-1.85551,3.73256,-0.42617
680.55420,0.00000,0.00000,4.12250,12.55375,2.80000,-0.61000,-13.75000,806.15771,2.00000,2.40000,-0.61000,-3.96000,-0.39000,0.00000,9.79000,-14.87500,-6.06250,-118.37500,-0.05563,0.22362,3.34994,226.93750,-2.43750,-0.06250,0.39832,-0.01947,0.00903,0.91699,0.00000,26.67831,903.22827,310.00000,75.00000,0.00000,-2.04704,3.23935,-0.06943
680.75415,0.00000,0.00000,4.12500,12.55375,3.22000,-1.02000,-13.57999,830.67798,2.00000,2.14000,-0.43000,-3.69000,-0.69000,0.25000,9.77000,-11.87500,2.37500,-118.87500,-0.08072,0.19090,3.32812,189.56250,-4.06250,-1.56250,0.08344,-0.03442,0.01691,0.99579,0.00000,26.68085,900.57373,290.00000,72.50000,0.00000,-1.62806,3.81396,-0.11732
680.95410,0.00000,0.00000,4.12375,12.55375,2.85000,-0.96000,-13.45000,853.17969,2.00000,2.21000,-0.40000,-3.67000,-0.79000,0.56000,9.75000,-2.37500,6.87500,-117.75000,-0.09708,0.18871,3.24195,153.25000,-4.62500,-3.37500,-0.23053,-0.04651,0.01959,0.97174,0.00000,26.67090,898.15137,310.00000,73.75000,0.00000,-1.49159,3.18429,0.23463
681.15405,0.00000,0.00000,4.12250,12.55375,2.57000,-1.07000,-13.16999,875.42749,2.00000,1.66000,-0.47000,-3.50000,-0.67000,0.92000,9.73000,8.50000,6.37500,-117.06250,-0.04909,0.18108,3.21468,117.12500,-3.81250,-5.50000,-0.52057,-0.05396,0.02338,0.85181,-1.25000,26.66602,895.75708,290.00000,76.25000,10.00000,-2.21942,2.01592,-0.42138
681.35400,0.00000,0.00000,4.12375,12.55375,1.68000,-1.44000,-12.88000,897.34790,2.00000,1.27000,-0.30000,-3.15000,-0.39000,1.14000,9.73000,16.37500,-1.00000,-117.37500,-0.05781,0.20726,3.08051,83.93750,-2.25000,-6.68750,-0.75177,-0.05713,0.02429,0.65649,0.00000,26.68085,893.50830,290.00000,72.50000,0.00000,-1.82199,2.61926,-0.16041
681.55396,0.00000,0.00000,4.09250,12.55249,1.98000,-1.68000,-12.90000,918.80298,2.00000,1.91000,-0.42000,-3.17000,-0.06000,1.25000,9.72000,18.56250,-9.75000,-117.25000,-0.01854,0.19090,2.99651,50.00000,-0.31250,-7.31250,-0.91034,-0.05939,0.02429,0.40887,0.00000,26.67343,890.98584,700.00000,256.25000,0.00000,-1.36230,2.70545,0.46448
681.75391,0.00000,0.00000,4.12250,12.55500,1.44000,-1.68000,-12.80000,942.76318,2.00000,1.70000,-0.56000,-3.06000,0.27000,1.10000,9.73000,16.25000,-18.37500,-116.06250,-0.06109,0.17126,2.87761,17.37500,1.56250,-6.43750,-0.98883,-0.05341,0.02222,0.13727,0.00000,26.68085,888.47681,310.00000,75.00000,0.00000,-1.58496,2.30083,-0.18435
681.95386,0.00000,0.00000,4.12375,12.55375,1.10000,-1.26000,-12.71000,964.48267,2.00000,1.50000,-0.49000,-2.94000,0.40000,0.77000,9.76000,8.50000,-22.87500,-115.75000,-0.08945,0.19635,2.79580,346.18750,2.37500,-4.37500,-0.99182,-0.04077,0.01617,-0.11981,-1.25000,26.68574,886.21313,290.00000,73.75000,10.00000,-1.30245,2.49955,-0.01437
682.15381,0.00000,0.00000,4.12375,12.55500,1.06000,-0.64000,-12.56000,985.47290,2.00000,1.42000,-0.23000,-2.77000,0.36000,0.40000,9.79000,-0.87500,-23.56250,-115.75000,-0.07854,0.18980,2.80125,315.00000,2.06250,-2.25000,-0.92371,-0.02521,0.00909,-0.38226,-1.25000,26.67578,883.95752,310.00000,73.75000,10.00000,-1.12049,2.23379,0.40701
682.35376,0.00000,0.00000,4.12375,12.55375,1.26000,-0.37000,-12.50000,1005.21606,2.00000,1.44000,-0.27000,-2.70000,0.18000,0.09000,9.80000,-9.87500,-19.06250,-116.68750,-0.08945,0.13308,2.81543,283.75000,1.00000,-0.43750,-0.78674,-0.00885,0.00427,-0.61719,0.00000,26.67831,881.94702,310.00000,76.25000,0.00000,-1.41497,2.21703,0.07661
682.55371,0.00000,0.00000,4.12375,12.55249,1.14000,0.25000,-12.30000,1023.99731,2.00000,1.05000,0.11000,-2.50000,-0.09000,-0.13000,9.80000,-13.75000,-10.87500,-116.18750,-0.11017,0.16362,2.73035,252.93750,-0.62500,0.81250,-0.59454,0.00909,0.00244,-0.80402,1.25000,26.67578,879.87573,310.00000,73.75000,10.00000,-1.16598,2.25773,0.00239
682.75366,0.00000,0.00000,4.12250,12.55375,1.85000,0.32000,-12.25000,1043.53955,2.00000,1.34000,0.24000,-2.46000,-0.51000,-0.08000,9.79000,-14.56250,-2.68750,-116.25000,0.01091,0.16908,2.67581,223.12500,-3.06250,0.37500,-0.36786,0.02643,-0.00684,-0.92944,0.00000,26.67090,877.86646,290.00000,72.50000,0.00000,-1.12527,1.82917,-0.20830
682.95361,0.00000,0.00000,4.12125,12.55500,1.61000,-0.16000,-12.09000,1062.17285,2.00000,0.97000,-0.02000,-2.26000,-0.72000,0.29000,9.77000,-10.68750,1.37500,-117.56250,0.02727,0.11890,2.61908,193.68750,-4.25000,-1.87500,-0.11920,0.03522,-0.02069,-0.99200,1.25000,26.67831,875.92212,320.00000,76.25000,10.00000,-0.85473,1.23062,0.38547
683.15356,0.00000,0.00000,4.07750,12.55249,1.45000,-0.57000,-11.96000,1080.02393,2.00000,0.72000,0.21000,-2.14000,-0.73000,0.66000,9.75000,-4.00000,6.18750,-117.37500,-0.03163,0.13744,2.43364,165.68750,-4.25000,-3.93750,0.12421,0.04126,-0.02972,-0.99097,0.00000,26.67343,874.06030,310.00000,73.75000,0.00000,-0.85234,1.35991,0.11253
683.35352,0.00000,0.00000,4.12125,12.55249,1.41000,-0.54000,-11.79000,1097.07178,2.00000,0.73000,0.34000,-2.05000,-0.67000,0.90000,9.74000,3.37500,7.37500,-116.87500,-0.03382,0.17453,2.32456,140.75000,-3.93750,-5.25000,0.34558,0.04852,-0.03198,-0.93658,0.00000,26.67831,872.25220,310.00000,76.25000,0.00000,-0.92656,1.89860,-0.20830
683.55347,0.00000,0.00000,4.12375,12.55375,1.42000,-0.97000,-11.77999,1113.82373,2.00000,0.90000,0.18000,-2.06000,-0.51000,1.16000,9.72000,10.75000,5.25000,-116.87500,-0.00218,0.14399,2.32783,114.87500,-3.00000,-6.81250,0.54645,0.05450,-0.03638,-0.83490,0.00000,26.67831,870.51685,320.00000,77.50000,0.00000,-1.10851,0.97923,0.32801
683.75342,0.00000,0.00000,4.12250,12.55375,1.25000,-1.33000,-11.71000,1130.13184,2.00000,1.03000,-0.01000,-2.00000,-0.21000,1.31000,9.71000,14.56250,0.06250,-116.87500,-0.02618,0.12326,2.26347,89.31250,-1.12500,-7.68750,0.70966,0.05505,-0.03992,-0.70129,-1.25000,26.67343,868.87891,330.00000,81.25000,10.00000,-0.54109,1.78129,-0.02873
683.95337,0.00000,0.00000,4.07625,12.55125,0.77000,-1.23000,-11.58000,1144.93945,2.00000,0.90000,0.00000,-1.85000,0.12000,1.23000,9.72000,16.50000,-5.50000,-115.87500,-0.07963,0.10690,2.16530,64.68750,0.81250,-7.12500,0.84302,0.04883,-0.03961,-0.53418,-1.25000,26.68340,867.28296,760.00000,186.25000,10.00000,-0.38068,1.01514,0.05746
684.15332,0.00000,0.00000,4.12375,12.55375,0.04000,-0.52000,-11.41000,1160.29639,2.00000,0.40000,0.41000,-1.66000,0.36000,0.93000,9.75000,16.68750,-11.75000,-116.18750,-0.14072,0.11454,2.06931,41.25000,2.12500,-5.37500,0.93451,0.03723,-0.03412,-0.35229,1.25000,26.68828,865.48730,320.00000,78.75000,10.00000,-0.61531,1.00078,-0.02394
684.35327,0.00000,0.00000,4.12250,12.55375,0.20000,0.09000,-11.41000,1177.36523,2.00000,0.61000,0.72000,-1.63000,0.41000,0.63000,9.77000,14.18750,-16.50000,-116.06250,0.00436,0.13308,2.02131,18.68750,2.37500,-3.62500,0.98596,0.02802,-0.02582,-0.16241,0.00000,26.68574,863.76123,330.00000,80.00000,0.00000,-0.37589,1.04387,0.00718
684.55322,0.00000,0.00000,4.12000,12.55375,0.16000,-0.02000,-11.41000,1193.70508,2.00000,0.58000,0.55000,-1.63000,0.42000,0.57000,9.77999,10.06250,-21.00000,-115.68750,0.09490,0.06763,1.97658,356.56250,2.50000,-3.37500,0.99884,0.03021,-0.02118,0.02997,0.00000,26.67831,862.18579,350.00000,82.50000,0.00000,-0.41659,1.01514,0.27533
684.76221,0.00000,0.00000,4.12375,12.55375,-0.22000,0.01000,-11.25000,1207.65625,2.00000,0.37000,0.58000,-1.47000,0.59000,0.56000,9.77000,3.25000,-23.06250,-114.06250,0.09599,0.00436,1.85659,334.12500,3.50000,-3.31250,0.97382,0.03510,-0.02386,0.22333,0.00000,26.67831,860.73047,310.00000,73.75000,10.00000,-0.40462,0.85712,0.32322
684.96216,0.00000,0.00000,4.12250,12.55500,-0.59000,-0.05000,-11.09000,1221.47021,2.00000,0.06000,0.33000,-1.31000,0.70000,0.39000,9.77000,-3.87500,-23.37500,-113.37500,-0.00873,0.07854,1.67552,314.68750,4.06250,-2.25000,0.92218,0.03192,-0.02557,0.38464,-1.25000,26.67831,859.25952,310.00000,75.00000,10.00000,-0.49560,0.71587,0.21069
685.16187,0.00000,0.00000,4.12125,12.55375,-0.66000,0.25000,-11.02999,1234.71338,2.00000,-0.11000,0.15000,-1.22000,0.56000,0.14000,9.77999,-8.50000,-20.68750,-112.25000,-0.03600,0.14072,1.52171,297.12500,3.25000,-0.75000,0.85315,0.02075,-0.02057,0.52087,0.00000,26.67090,857.90332,310.00000,75.00000,0.00000,-0.73981,0.81642,-0.04070
685.36182,0.00000,0.00000,4.12250,12.55500,-0.09000,0.28000,-11.04000,1247.53369,2.00000,0.18000,0.23000,-1.24000,0.26000,-0.06000,9.80000,-11.75000,-16.00000,-113.50000,-0.04581,0.17235,1.47262,281.43750,1.50000,0.31250,0.76959,0.00525,-0.01196,0.63843,-1.25000,26.65839,856.55493,320.00000,77.50000,10.00000,-0.49321,0.98881,0.17957
685.56177,0.00000,0.00000,4.12125,12.55375,0.40000,0.53000,-11.00000,1260.39600,2.00000,0.33000,0.36000,-1.19000,-0.07000,-0.17000,9.80000,-13.56250,-13.00000,-114.18750,-0.03927,0.14290,1.50207,265.06250,-0.43750,1.00000,0.67059,-0.00952,-0.00348,0.74176,0.00000,26.65351,855.34106,320.00000,78.75000,0.00000,-0.53630,0.44293,0.03352
685.76172,0.00000,0.00000,4.12125,12.55500,0.79000,0.61000,-10.92000,1271.68408,2.00000,0.46000,0.43000,-1.12000,-0.32000,-0.18000,9.79000,-14.00000,-7.68750,-113.00000,-0.03054,0.08290,1.54571,248.18750,-1.93750,1.00000,0.56049,-0.01935,0.00208,0.82794,0.00000,26.64844,854.13574,320.00000,76.25000,0.00000,-0.49081,0.59137,0.18914
685.96167,0.00000,0.00000,4.12250,12.55375,0.71000,0.62000,-10.81000,1282.98242,2.00000,0.25000,0.50000,-1.01000,-0.46000,-0.11000,9.79000,-14.68750,-3.25000,-114.25000,-0.03163,0.01854,1.57625,230.81250,-2.68750,0.62500,0.42896,-0.02393,0.00507,0.90295,3.75000,26.65605,852.97021,320.00000,78.75000,50.00000,-0.36392,0.66319,0.17478
686.16162,0.00000,0.00000,4.12250,12.55375,0.58000,0.45000,-10.68000,1294.30176,2.00000,0.09000,0.41000,-0.89000,-0.49000,-0.04000,9.79000,-14.68750,1.50000,-112.37500,-0.05127,0.00545,1.54134,213.43750,-2.87500,0.18750,0.28778,-0.02472,0.00531,0.95734,0.00000,26.65351,851.80371,320.00000,81.25000,0.00000,-0.42856,0.53391,0.21787
686.36157,0.00000,0.00000,4.12375,12.55375,0.52000,0.47000,-10.63000,1304.79688,2.00000,0.00000,0.46000,-0.84000,-0.53000,0.00000,9.79000,-11.68750,3.75000,-112.56250,-0.06000,0.02836,1.46608,196.75000,-3.06250,0.00000,0.14575,-0.02692,0.00385,0.98895,1.25000,26.65839,850.75610,330.00000,80.00000,10.00000,-0.30167,0.34237,0.26336
686.56152,0.00000,0.00000,4.12000,12.55375,0.55000,0.49000,-10.57000,1314.50977,2.00000,-0.06000,0.53000,-0.79000,-0.62000,0.03000,9.77999,-7.06250,7.25000,-112.06250,-0.06545,0.06872,1.38535,180.93750,-3.68750,-0.18750,0.00861,-0.03217,0.00208,0.99945,1.25000,26.65097,849.71753,330.00000,81.25000,10.00000,-0.15802,0.52194,0.33279
686.76147,0.00000,0.00000,4.12125,12.55375,0.69000,0.47000,-10.52000,1324.06445,2.00000,-0.08000,0.58000,-0.75000,-0.77000,0.10000,9.77000,-2.87500,9.25000,-112.25000,-0.04036,0.10145,1.30136,166.12500,-4.56250,-0.62500,-0.12061,-0.04022,0.00104,0.99188,0.00000,26.65839,848.79712,330.00000,81.25000,0.00000,-0.17957,0.37589,0.29928
686.96143,0.00000,0.00000,4.12250,12.55375,0.80000,0.31000,-10.45000,1332.91064,2.00000,-0.06000,0.56000,-0.72000,-0.93000,0.27000,9.75000,1.87500,10.06250,-111.18750,-0.00764,0.11781,1.23591,152.06250,-5.50000,-1.62500,-0.24066,-0.05035,0.00262,0.96930,0.00000,26.65839,847.88647,330.00000,80.00000,0.00000,-0.14126,0.19154,0.34476
687.16138,0.00000,0.00000,4.12375,12.55500,0.90000,0.09000,-10.43999,1341.32373,2.00000,-0.06000,0.50000,-0.69000,-1.06000,0.52000,9.73000,7.18750,10.06250,-111.56250,0.02291,0.11454,1.18355,139.31250,-6.18750,-3.06250,-0.35187,-0.06097,0.00647,0.93402,1.25000,26.65351,847.02344,350.00000,85.00000,10.00000,-0.19393,0.30646,0.13886
687.36133,0.00000,0.00000,4.12500,12.55375,0.96000,-0.22000,-10.36000,1349.52539,2.00000,-0.12000,0.56000,-0.67000,-1.12000,0.82000,9.70000,10.75000,7.75000,-110.00000,0.03491,0.09927,1.13665,126.50000,-6.56250,-4.87500,-0.45380,-0.07068,0.01239,0.88818,0.00000,26.66348,846.17749,350.00000,82.50000,0.00000,-0.16520,0.20830,0.22505
687.56128,0.00000,0.00000,4.12500,12.55375,0.94000,-0.57000,-10.29000,1357.25146,2.00000,-0.14000,0.54000,-0.61000,-1.08000,1.14000,9.67000,14.18750,4.75000,-110.50000,0.03709,0.08290,1.08429,114.12500,-6.31250,-6.68750,-0.54150,-0.07831,0.01880,0.83685,0.00000,26.66093,845.36743,290.00000,70.00000,0.00000,-0.12929,0.16041,0.26336
687.76123,0.00000,0.00000,4.07500,12.55375,0.79000,-0.80000,-10.26000,1365.17822,2.00000,-0.18000,0.59000,-0.61000,-0.97000,1.41000,9.65000,16.75000,2.18750,-110.87500,0.03382,0.07309,1.02647,101.87500,-5.62500,-8.37500,-0.63147,-0.08478,0.02606,0.77032,1.25000,26.66093,844.60986,290.00000,70.00000,10.00000,-0.15562,0.21548,0.21308
687.96118,0.00000,0.00000,4.12250,12.55375,0.60000,-1.05000,-10.22000,1372.04834,2.00000,-0.20000,0.59000,-0.59000,-0.79000,1.66000,9.63000,19.25000,-1.50000,-110.06250,0.02727,0.06327,0.97084,90.75000,-4.62500,-9.75000,-0.70245,-0.08899,0.03210,0.70544,-2.50000,26.66348,843.93359,320.00000,76.25000,0.00000,-0.12210,0.06225,0.23224
688.16968,0.00000,0.00000,4.07750,12.55375,0.39000,-1.19000,-10.18000,1377.90332,2.00000,-0.21000,0.63000,-0.57000,-0.60000,1.83000,9.61000,19.18750,-4.50000,-109.00000,0.02836,0.06109,0.92612,80.18750,-3.43750,-10.81250,-0.76111,-0.09180,0.03748,0.64099,0.00000,26.67343,843.36890,320.00000,77.50000,0.00000,-0.11013,0.06704,0.22266
688.36938,0.00000,0.00000,4.12250,12.55375,0.15000,-1.36000,-10.13000,1383.22998,2.00000,-0.22000,0.61000,-0.53000,-0.37000,1.97000,9.59000,19.18750,-8.06250,-109.18750,0.02836,0.05345,0.88685,70.06250,-2.12500,-11.62500,-0.81427,-0.09387,0.04285,0.57129,1.25000,26.67831,842.80371,330.00000,80.00000,10.00000,-0.14844,0.06704,0.18675
688.56934,0.00000,0.00000,4.12125,12.55375,-0.09000,-1.43000,-10.08000,1388.21875,2.00000,-0.22000,0.64000,-0.50000,-0.12000,2.07000,9.58000,17.68750,-11.75000,-108.75000,0.03818,0.04363,0.85739,60.37500,-0.62500,-12.25000,-0.85931,-0.09528,0.04858,0.50012,0.00000,26.68574,842.33765,320.00000,83.75000,0.00000,-0.11013,0.02634,0.28491
688.76929,0.00000,0.00000,4.12125,12.55500,-0.35000,-1.48000,-10.05000,1393.45068,2.00000,-0.20000,0.67000,-0.49000,0.14000,2.15000,9.56000,17.25000,-14.75000,-108.00000,0.04036,0.02945,0.83012,51.00000,0.93750,-12.68750,-0.89691,-0.09619,0.05505,0.42804,-1.25000,26.68574,841.74463,350.00000,83.75000,10.00000,-0.04788,-0.04070,0.24660
688.96924,0.00000,0.00000,4.12500,12.55500,-0.66000,-1.53000,-10.02999,1399.15771,2.00000,-0.22000,0.65000,-0.46000,0.44000,2.18000,9.54000,15.37500,-17.37500,-108.18750,0.03927,0.01418,0.80176,42.37500,2.56250,-12.87500,-0.92749,-0.09619,0.06238,0.35577,-1.25000,26.69570,841.15869,350.00000,76.25000,10.00000,-0.07901,-0.01915,0.20351
689.16919,0.00000,0.00000,4.12625,12.55500,-0.99000,-1.51000,-9.98000,1405.10840,2.00000,-0.22000,0.67000,-0.45000,0.77000,2.17000,9.52999,13.75000,-20.37500,-105.75000,0.04472,-0.00436,0.78103,33.62500,4.50000,-12.81250,-0.95154,-0.09521,0.07074,0.28369,0.00000,26.70566,840.56934,320.00000,76.25000,0.00000,-0.13647,-0.00479,0.23463
689.36914,0.00000,0.00000,4.12500,12.55375,-1.33000,-1.47000,-9.92000,1410.25537,2.00000,-0.23000,0.64000,-0.41000,1.11000,2.10000,9.51000,9.68750,-21.37500,-107.06250,0.03927,-0.02073,0.75485,25.06250,6.50000,-12.43750,-0.96875,-0.09332,0.07922,0.21582,0.00000,26.70566,840.06909,350.00000,82.50000,0.00000,-0.10534,-0.05746,0.21069
689.56909,0.00000,0.00000,4.12375,12.55375,-1.69000,-1.33000,-9.90000,1414.29297,2.00000,-0.25000,0.66000,-0.41000,1.45000,1.98000,9.49000,7.75000,-22.87500,-107.00000,0.03163,-0.03709,0.73413,16.87500,8.50000,-11.81250,-0.98120,-0.09003,0.08905,0.14557,-1.25000,26.70566,839.65967,290.00000,72.50000,10.00000,-0.09816,-0.02873,0.25618
689.76904,0.00000,0.00000,4.12375,12.55375,-2.02000,-1.15000,-9.86000,1418.21387,2.00000,-0.24000,0.66000,-0.39000,1.79000,1.80000,9.46000,4.37500,-23.87500,-104.68750,0.02073,-0.04800,0.71231,8.87500,10.56250,-10.75000,-0.98840,-0.08545,0.09937,0.07678,-1.25000,26.69824,839.27832,290.00000,72.50000,10.00000,-0.06225,-0.09337,0.26576
689.96899,0.00000,0.00000,4.12625,12.55375,-2.36000,-0.94000,-9.81000,1421.57471,2.00000,-0.25000,0.63000,-0.37000,2.11000,1.57000,9.43999,-0.50000,-23.75000,-104.50000,0.00764,-0.05563,0.69704,1.06250,12.50000,-9.37500,-0.99072,-0.07928,0.11017,0.00946,-1.25000,26.70078,838.98022,290.00000,70.00000,10.00000,-0.10774,-0.07901,0.21548
690.16895,0.00000,0.00000,4.12500,12.55375,-2.66000,-0.65000,-9.80000,1424.42871,2.00000,-0.24000,0.61000,-0.38000,2.41000,1.27000,9.41000,-3.06250,-22.25000,-105.25000,0.00000,-0.06763,0.69595,353.37500,14.31250,-7.56250,-0.98840,-0.07166,0.12128,-0.05676,0.00000,26.69336,838.71313,310.00000,73.75000,0.00000,-0.14365,-0.11013,0.24421
690.37524,0.00000,0.00000,4.12375,12.55375,-2.93000,-0.27000,-9.74000,1426.55273,2.00000,-0.22000,0.62000,-0.35000,2.71000,0.89000,9.38000,-7.25000,-21.50000,-103.75000,-0.01309,-0.07745,0.71777,345.18750,16.12500,-5.31250,-0.98083,-0.06268,0.13361,-0.12708,0.00000,26.68574,838.50171,350.00000,82.50000,0.00000,-0.12450,-0.14126,0.27294
690.57495,0.00000,0.00000,4.12500,12.55375,-3.17000,0.14000,-9.68000,1428.67725,2.00000,-0.19000,0.62000,-0.33000,2.95000,0.45000,9.33000,-9.50000,-20.56250,-103.50000,-0.02945,-0.08072,0.73304,337.62500,17.50000,-2.75000,-0.96851,-0.05194,0.14575,-0.19495,-1.25000,26.69082,838.34253,350.00000,72.50000,10.00000,-0.16759,-0.15323,0.21787
690.77490,0.00000,0.00000,4.12375,12.55249,-3.29000,0.60000,-9.60000,1430.03027,2.00000,-0.17000,0.58000,-0.35000,3.13000,-0.04000,9.29000,-12.87500,-19.75000,-102.50000,-0.04691,-0.08290,0.71558,329.62500,18.62500,0.25000,-0.95142,-0.03943,0.15765,-0.26147,0.00000,26.69082,838.20020,290.00000,72.50000,0.00000,-0.26097,-0.11971,0.28012
690.97485,0.00000,0.00000,4.12500,12.55375,-3.40000,1.07000,-9.57000,1430.80176,2.00000,-0.16000,0.52000,-0.33000,3.24000,-0.58000,9.23000,-16.25000,-15.56250,-101.87500,-0.06327,-0.08181,0.68940,321.93750,19.25000,3.56250,-0.93164,-0.02618,0.16846,-0.32098,-1.25000,26.69082,838.14990,310.00000,71.25000,0.00000,-4.26647,1.65918,-4.22337
691.17480,0.00000,0.00000,4.12375,12.55375,-3.20000,0.79000,-9.96000,1431.95361,2.00000,0.17000,-0.47000,-0.84000,3.38000,-1.29000,9.11000,-20.00000,-12.37500,-99.75000,-0.07745,-0.17999,0.54760,315.00000,20.18750,8.06250,-0.90747,-0.00494,0.18811,-0.37567,1.25000,26.68340,837.99731,290.00000,71.25000,10.00000,-0.51475,-0.14126,0.31843
691.37476,0.00000,0.00000,4.12500,12.55375,-3.61000,2.39000,-9.22000,1432.55615,2.00000,-0.22000,0.39000,-0.24000,3.39000,-2.00000,8.97000,-21.75000,-7.68750,-98.06250,-0.17562,-0.09490,0.60432,308.75000,20.18750,12.75000,-0.88245,0.01947,0.20520,-0.42279,-1.25000,26.68340,837.91406,290.00000,72.50000,10.00000,-0.28970,0.19393,0.52433
691.57471,0.00000,0.00000,4.12750,12.55375,-2.86000,2.25000,-10.90000,1434.63818,2.00000,0.38000,-0.40000,-2.04000,3.24000,-2.65000,8.86000,-23.18750,-4.87500,-93.75000,-0.12435,-0.08618,0.59996,302.12500,19.25000,16.81250,-0.85388,0.04089,0.21600,-0.47168,-1.25000,26.68828,837.69043,280.00000,67.50000,0.00000,-0.62010,0.40701,0.21069
691.77466,0.00000,0.00000,4.12500,12.55375,-1.45000,0.94000,-20.67999,1434.63818,2.00000,1.53000,-2.24000,-11.90000,2.99000,-3.18000,8.77000,-23.87500,-1.06250,-93.50000,-0.08072,-0.01091,0.54105,295.50000,17.62500,20.06250,-0.82330,0.05914,0.22150,-0.51923,0.00000,26.68574,837.87061,290.00000,72.50000,0.00000,-0.86670,1.39582,1.08697
691.97461,0.00000,0.00000,4.12125,12.55375,-2.38000,2.74000,-9.89000,1432.43994,2.00000,0.05000,0.20000,-0.74000,2.44000,-2.54000,9.14000,-17.06250,-3.87500,-85.37500,0.90321,0.11454,0.71231,287.37500,14.25000,15.06250,-0.79291,0.02936,0.17712,-0.58234,0.00000,26.68574,837.99048,290.00000,72.50000,0.00000,-0.40223,0.33758,0.33758
692.17456,0.00000,0.00000,4.12250,12.55500,-2.25000,1.47000,-10.08000,1431.23486,2.00000,-0.14000,0.10000,-0.60000,2.10000,-1.36000,9.47000,-17.18750,-8.18750,-85.37500,0.78103,-0.02073,0.75485,278.12500,12.31250,7.87500,-0.74957,-0.01965,0.12579,-0.64954,0.00000,26.67578,838.22656,290.00000,71.25000,0.00000,-0.11253,0.19632,0.58179
692.38379,0.00000,0.00000,4.12250,12.55500,-2.28000,0.29000,-10.02999,1428.32861,2.00000,-0.11000,0.06000,-0.47000,2.17000,-0.23000,9.55000,-19.06250,-12.87500,-72.87500,0.71013,-0.17344,0.79958,268.12500,12.87500,1.06250,-0.69104,-0.07416,0.08502,-0.71399,-1.25000,26.68085,838.46021,350.00000,82.50000,0.00000,-0.09816,-0.06225,0.24900
693.41333,0.00000,0.00000,4.12125,12.55375,-5.79000,1.48000,-7.22000,1413.62695,2.00000,0.94000,0.24000,-0.13000,6.75000,-1.11000,7.02000,-41.18750,6.18750,-33.87500,-0.07745,-0.83994,0.63814,214.18750,43.50000,9.00000,-0.26910,-0.34039,0.17041,-0.88470,-1.25000,26.49414,839.77856,280.00000,72.50000,0.00000,-1.60172,0.13886,0.80445
693.61328,0.00000,0.00000,4.12375,12.55500,-6.40000,0.58000,-5.77000,1419.90479,2.00000,1.24000,-1.56000,-0.03000,7.69000,-2.20000,5.65000,-42.75000,12.37500,-24.68750,-0.13635,-1.00575,0.77885,205.93750,51.68750,21.31250,-0.19562,-0.40540,0.22626,-0.86383,0.00000,26.58887,839.36108,290.00000,72.50000,0.00000,-4.51067,-0.06225,-0.21069
693.81323,0.00000,0.00000,4.12250,12.55375,-4.23000,2.73000,-4.23000,1421.80762,2.00000,3.83000,-1.05000,-0.13000,8.05000,-3.88000,4.02000,-42.37500,21.00000,-14.06250,-0.33816,-0.84867,1.15083,194.68750,55.18750,44.00000,-0.10254,-0.45630,0.30121,-0.83099,1.25000,26.62363,839.17773,290.00000,70.00000,10.00000,-5.27682,0.00718,-0.80206
694.01318,0.00000,0.00000,4.12250,12.55500,-4.61000,1.83000,-1.41000,1420.27490,2.00000,2.60000,-4.22000,1.27000,7.22000,-6.05000,2.69000,-35.37500,30.75000,-4.50000,-0.51160,-0.45379,1.65479,179.81250,46.68750,66.93750,0.00104,-0.45752,0.39557,-0.79639,-1.25000,26.64101,839.35107,290.00000,71.25000,0.00000,-4.15633,-1.54665,1.36948
694.21313,0.00000,0.00000,4.10625,12.55375,-3.20000,2.72000,-0.12000,1423.62549,2.00000,1.65000,-5.73000,0.90000,4.86000,-8.45000,1.02000,-21.00000,41.75000,5.37500,-1.63079,-0.09708,1.52498,163.87500,28.87500,84.06250,0.10315,-0.40656,0.53815,-0.73108,0.00000,26.65605,839.36499,290.00000,71.25000,0.00000,-4.34069,3.82833,6.15549
694.41309,0.00000,0.00000,4.12250,12.55375,-3.39000,1.75000,0.61000,1411.07959,2.00000,-1.66000,-7.52000,-2.03000,1.73000,-9.27999,-2.64000,-6.18750,40.75000,20.87500,-2.50127,0.50396,2.34856,153.75000,9.00000,107.12500,0.13483,-0.30762,0.74237,-0.57977,0.00000,26.66093,841.07202,400.00000,96.25000,0.00000,-2.38462,6.90966,5.85382
694.61304,0.00000,0.00000,4.12500,12.55375,0.53000,0.50000,1.97000,1388.29297,2.00000,-0.88000,-6.43000,-4.80000,-1.42000,-6.93000,-6.78000,6.68750,28.37500,37.25000,-2.41728,1.80751,2.57327,350.12500,-8.62500,135.93750,0.11285,-0.07935,0.92139,-0.36328,0.00000,26.66093,843.17480,320.00000,76.25000,0.00000,-1.08218,13.67807,1.69509
694.81299,0.00000,0.00000,4.12375,12.55375,-1.77000,2.88000,0.55000,1377.96680,2.00000,-1.47000,-0.22000,-8.73000,0.30000,-3.11000,-9.29000,-3.75000,10.00000,45.37500,-1.66461,3.14705,2.22966,22.75000,3.00000,162.25000,-0.05664,0.19513,0.96832,-0.14526,1.25000,26.65351,843.82837,310.00000,75.00000,10.00000,-0.48842,13.49132,0.30646
695.01294,0.00000,0.00000,4.12375,12.55375,-2.13000,1.38000,-1.49000,1373.18945,2.00000,2.26000,-1.32000,-9.73000,4.69000,-2.31000,-8.29000,-29.68750,8.25000,33.06250,-0.44942,2.74889,2.67799,55.93750,29.62500,163.56250,-0.28821,0.44934,0.84558,0.00818,0.00000,26.64355,844.17480,310.00000,75.00000,0.00000,-1.82917,6.53617,1.12049
695.21289,0.00000,0.00000,4.12375,12.55375,0.44000,3.52000,-1.88000,1380.10156,2.00000,3.92000,-2.07000,-8.90000,5.08000,-5.21000,-6.56000,-35.00000,26.18750,19.00000,0.04581,0.41997,2.95833,356.56250,30.25000,140.68750,-0.40710,0.65265,0.63885,-0.01215,0.00000,26.64609,843.51123,290.00000,72.50000,0.00000,-1.88184,6.79714,0.99359
695.41284,0.00000,0.00000,4.12250,12.55375,2.48000,2.49000,0.45000,1363.33936,2.00000,2.26000,-2.66000,-7.40000,0.04000,-5.89000,-7.83000,-10.00000,41.87500,22.37500,-1.67224,-1.01775,3.82554,128.62500,-1.43750,144.00000,-0.27252,0.85724,0.41180,-0.14594,0.00000,26.64609,845.67114,290.00000,71.25000,0.00000,1.47962,11.67652,0.86431
695.61279,0.00000,0.00000,4.12250,12.55500,2.21000,2.85000,0.84000,1358.47754,2.00000,-1.40000,1.40000,-8.31000,-3.22000,-0.41000,-9.25000,23.56250,26.06250,36.25000,-2.45001,0.36761,3.87245,167.31250,-19.00000,179.50000,0.01422,0.98029,0.10852,-0.16467,-1.25000,26.64101,845.69824,310.00000,75.00000,10.00000,1.37188,9.68694,-0.91219
695.81274,0.00000,0.00000,4.12375,12.55375,2.52000,1.08000,1.58000,1360.16846,2.00000,2.56000,5.05000,-7.37000,0.29000,4.03000,-8.93000,25.37500,-7.37500,42.18750,-0.81049,1.26318,3.51793,203.50000,1.68750,-155.68750,0.21375,0.95294,-0.21417,-0.01953,-1.25000,26.64101,845.81152,310.00000,73.75000,0.00000,-0.93853,6.43082,-1.20428
696.01294,0.00000,0.00000,4.12375,12.55375,1.66000,0.68000,2.53000,1349.47266,2.00000,4.80000,3.50000,-6.31000,3.16000,2.70000,-8.87000,6.18750,-17.56250,44.50000,0.84321,-0.13308,1.42899,229.31250,18.81250,-163.00000,0.19263,0.88513,-0.41309,0.09363,-1.25000,26.61855,846.76587,320.00000,76.25000,10.00000,-0.47645,5.72214,-2.54743
696.21265,0.00000,0.00000,4.12250,12.55375,-0.34000,1.68000,1.89000,1339.94971,2.00000,1.93000,2.31000,-7.61000,2.17000,0.53000,-9.54000,7.50000,-9.50000,46.75000,0.92721,-1.18573,0.33379,237.62500,12.81250,-176.75000,0.07111,0.87042,-0.48016,0.08173,0.00000,26.58887,847.99170,310.00000,73.75000,0.00000,0.63925,11.78186,-0.14844
696.41260,0.00000,0.00000,4.12375,12.55375,0.63000,1.61000,-0.90000,1331.68457,2.00000,0.03000,0.59000,-10.63000,-0.59000,-1.01000,-9.73000,20.06250,-1.68750,45.75000,0.73631,-1.78787,-0.03600,99.12500,-4.43750,173.62500,-0.01672,0.75970,0.64673,-0.06567,0.00000,26.57636,848.65015,310.00000,73.75000,10.00000,-0.50278,9.23443,0.39983
696.61279,0.00000,0.00000,4.12375,12.55375,2.30000,0.57000,1.31000,1326.18896,2.00000,-1.27000,-1.35000,-7.60000,-3.58000,-1.93000,-8.92000,36.00000,4.25000,38.18750,0.22362,-1.31227,-0.00873,97.62500,-22.12500,167.50000,0.05017,0.73444,0.64258,-0.21265,0.00000,26.57382,849.19556,310.00000,73.75000,0.00000,0.85712,11.04205,0.40941
696.81250,0.00000,0.00000,4.12375,12.55375,1.88000,1.70000,0.22000,1321.02051,2.00000,-3.11000,-0.16000,-7.99000,-5.00000,-1.87000,-8.22000,43.37500,4.75000,30.18750,-0.30870,-0.34907,-0.00436,96.37500,-30.87500,167.31250,0.10516,0.71454,0.63879,-0.26514,0.00000,26.57382,849.75073,290.00000,75.00000,0.00000,0.80924,7.84580,1.41497
697.01245,0.00000,0.00000,4.12250,12.55375,2.89000,0.55000,1.46000,1314.70020,2.00000,-2.04000,-0.77000,-6.90000,-4.94000,-1.32000,-8.36000,44.68750,3.25000,29.06250,-0.46033,0.37088,-0.01309,95.62500,-30.06250,171.25000,0.12433,0.71368,0.64673,-0.23846,-1.25000,26.57636,850.39746,310.00000,75.00000,0.00000,0.53630,7.67341,1.08218
697.21240,0.00000,0.00000,4.12125,12.55375,2.65000,1.79000,2.29000,1308.73926,2.00000,-1.27000,0.61000,-7.68000,-3.88000,-0.56000,-8.98000,41.00000,0.68750,35.00000,-0.43633,0.79740,0.11454,95.93750,-22.87500,176.62500,0.11267,0.72797,0.65558,-0.16608,-1.25000,26.56894,851.00391,290.00000,73.75000,10.00000,1.73101,9.92157,3.28245
697.41260,0.00000,0.00000,4.12250,12.55375,0.77000,0.74000,1.27000,1302.42969,2.00000,-1.05000,0.40000,-7.46000,-2.45000,0.18000,-9.49000,33.87500,-3.50000,38.06250,-0.25635,0.76358,0.30870,98.37500,-14.06250,-178.62500,0.08862,0.75110,0.64862,-0.08539,0.00000,26.56641,851.66968,310.00000,75.00000,0.00000,0.75417,9.95988,0.89543
697.61255,0.00000,0.00000,4.12250,12.55375,0.63000,0.21000,-1.55000,1296.60596,2.00000,-0.43000,0.98000,-9.25000,-1.32000,0.80000,-9.68000,28.68750,-6.37500,42.56250,-0.22471,0.44833,0.38506,101.81250,-7.75000,-175.25000,0.07397,0.77502,0.62708,-0.02417,0.00000,26.56387,852.23486,320.00000,76.25000,10.00000,0.66559,9.24880,-0.05028
697.81226,0.00000,0.00000,4.12250,12.55375,0.99000,0.24000,0.51000,1291.20508,2.00000,0.00000,1.42000,-9.16000,-1.02000,1.19000,-9.67000,25.56250,-11.00000,42.87500,-0.07090,-0.28580,0.49196,106.62500,-5.93750,-172.93750,0.08136,0.80103,0.59308,-0.00616,1.25000,26.55898,852.90088,310.00000,75.00000,10.00000,1.05824,13.99411,-0.31843
698.01245,0.00000,0.00000,4.12375,12.55375,0.89000,-0.02000,-0.27000,1284.66260,2.00000,-0.99000,1.19000,-9.81000,-1.95000,1.22000,-9.52999,27.75000,-12.75000,41.37500,0.11454,-0.81703,0.63159,113.37500,-11.50000,-172.68750,0.10950,0.83148,0.54205,-0.05280,0.00000,26.55898,853.51611,320.00000,78.75000,0.00000,0.55545,7.32386,0.14605
698.21240,0.00000,0.00000,4.12250,12.55500,1.06000,-0.75000,1.16000,1279.13525,2.00000,-1.96000,0.50000,-8.08000,-3.02000,1.25000,-9.24000,31.18750,-15.37500,37.37500,0.16690,-0.55632,0.90430,122.37500,-18.18750,-172.18750,0.13373,0.86328,0.47467,-0.10730,0.00000,26.56387,854.09375,320.00000,78.75000,0.00000,0.09577,8.64307,-0.58179
698.41235,0.00000,0.00000,4.12250,12.55375,0.75000,0.45000,1.97000,1273.16357,2.00000,-2.20000,2.26000,-7.20000,-2.96000,1.80000,-9.17000,31.06250,-19.75000,36.68750,0.08836,0.39161,1.31227,134.56250,-17.18750,-168.68750,0.14581,0.90778,0.37976,-0.10211,0.00000,26.55644,854.82520,320.00000,77.50000,0.00000,0.30646,9.79947,-0.22984
698.61206,0.00000,0.00000,4.12250,12.55375,0.13000,-0.35000,0.20000,1266.08252,3.00000,-0.83000,1.66000,-9.34000,-0.97000,2.01000,-9.54000,19.56250,-25.56250,39.00000,0.47887,1.05811,1.44644,149.31250,-4.93750,-168.25000,0.10962,0.95856,0.26257,-0.01514,0.00000,26.57636,855.57300,840.00000,206.25000,0.00000,0.86191,9.52413,1.36709
698.81226,0.00000,0.00000,4.12375,12.55249,-0.12000,0.05000,-0.17000,1259.21240,3.00000,0.94000,0.49000,-9.91000,1.06000,0.44000,-9.73000,3.50000,-20.25000,44.56250,1.09956,0.38943,1.21300,163.18750,6.50000,-178.06250,0.00812,0.98755,0.14587,0.05853,0.00000,26.57636,856.03247,320.00000,77.50000,0.00000,-0.57221,6.79714,0.47166
699.01221,0.00000,0.00000,4.12250,12.55375,0.23000,1.16000,0.36000,1255.75635,3.00000,0.66000,-0.36000,-9.31000,0.43000,-1.52000,-9.67000,1.00000,-11.00000,47.56250,0.50942,-0.97520,1.05920,173.50000,1.87500,170.68750,-0.08167,0.99500,0.05640,0.01215,0.00000,26.57890,856.69360,330.00000,81.25000,0.00000,0.82839,10.13226,0.32322
699.21191,0.00000,0.00000,4.12500,12.55375,0.92000,-0.45000,0.59000,1246.06445,3.00000,-1.36000,-1.50000,-8.88000,-2.29000,-1.05000,-9.47000,11.06250,-10.18750,47.37500,-0.78867,-1.38426,1.15628,182.68750,-14.31250,174.25000,-0.05157,0.99066,-0.02338,-0.12396,0.00000,26.57890,857.61938,320.00000,77.50000,0.00000,-0.21308,9.56004,1.33118
699.41211,0.00000,0.00000,4.12375,12.55375,0.96000,-0.90000,3.51000,1242.76709,3.00000,-3.10000,0.89000,-5.22000,-4.07000,1.80000,-8.73000,17.68750,-23.87500,40.75000,-1.17155,-0.43960,1.22609,190.87500,-24.50000,-168.31250,0.08044,0.96655,-0.09723,-0.22339,0.00000,26.59121,857.58374,360.00000,86.25000,0.00000,2.16436,6.67264,1.03429
699.61206,0.00000,0.00000,4.12375,12.55375,-0.39000,-1.39000,2.42000,1238.04248,3.00000,-2.97000,2.49000,-5.62000,-2.79000,4.20000,-8.40000,8.68750,-33.87500,34.50000,-0.30652,0.66650,1.54025,204.75000,-15.81250,-153.06250,0.19006,0.94141,-0.20667,-0.18683,-1.25000,26.59375,858.58765,350.00000,82.50000,10.00000,2.62404,6.75165,-0.08380
699.82056,0.00000,0.00000,4.12375,12.55375,-0.60000,-1.82000,-0.54000,1230.73926,3.00000,-0.99000,2.55000,-9.31000,-0.25000,4.32000,-8.79000,-7.25000,-34.00000,35.18750,0.66213,0.71777,1.62861,219.93750,-1.50000,-153.75000,0.20697,0.91364,-0.33966,-0.08423,0.00000,26.61621,859.23608,320.00000,78.75000,0.00000,0.58658,6.94558,-0.93374
700.02002,0.00000,0.00000,4.12375,12.55375,-1.23000,-1.41000,-0.12000,1221.16357,3.00000,0.37000,1.21000,-9.43000,1.67000,2.52000,-9.32000,-20.87500,-21.37500,38.87500,0.85739,0.25416,1.59152,236.75000,9.81250,-164.81250,0.15271,0.86578,-0.47620,0.01801,-1.25000,26.60371,860.26904,320.00000,78.75000,10.00000,0.32082,10.59195,-1.76453
700.21997,0.00000,0.00000,4.12375,12.55375,-1.35000,-1.11000,2.24000,1213.70215,3.00000,0.57000,0.07000,-7.29000,1.92000,1.19000,-9.54000,-25.75000,-8.50000,41.37500,-0.24980,-0.48433,1.62316,253.81250,11.12500,-172.87500,0.10730,0.79419,-0.59674,0.04144,0.00000,26.60625,860.92212,320.00000,78.75000,0.00000,-0.22984,8.85376,-1.28808
700.41992,0.00000,0.00000,4.12250,12.55375,-2.21000,1.37000,-0.30000,1210.65820,3.00000,-0.72000,3.27000,-9.80000,1.49000,1.90000,-9.50000,-22.87500,-4.68750,44.18750,-0.90430,-0.35125,1.73987,275.12500,8.68750,-168.31250,0.12463,0.66901,-0.73236,-0.02277,0.00000,26.60371,861.11646,320.00000,78.75000,0.00000,0.36631,7.40526,-0.79966
700.61987,0.00000,0.00000,4.12125,12.55375,-2.77000,-0.96000,-1.22000,1208.30127,3.00000,-0.83000,1.79000,-10.43000,1.93000,2.75000,-9.21000,-24.37500,-4.06250,42.56250,-0.48324,-0.12217,1.79660,296.87500,11.56250,-163.25000,0.16187,0.51526,-0.83881,-0.06836,-1.25000,26.60859,861.59375,320.00000,78.75000,10.00000,-0.41899,9.38766,-0.17238
700.81982,0.00000,0.00000,4.12250,12.55375,-1.78000,0.02000,-0.19000,1199.41260,3.00000,0.22000,2.01000,-9.58000,2.01000,1.98000,-9.39000,-21.75000,1.87500,44.18750,0.66650,-0.74286,1.47698,316.00000,11.56250,-168.62500,0.13074,0.37079,-0.91797,-0.05237,-1.25000,26.60117,862.91992,320.00000,78.75000,10.00000,-0.04310,11.05882,0.62728
701.01978,0.00000,0.00000,4.12000,12.55375,-1.05000,1.65000,1.55000,1185.86279,3.00000,-0.69000,1.30000,-8.23000,0.36000,-0.34000,-9.79000,-10.56250,14.50000,46.06250,1.38863,-1.26536,1.63297,334.06250,1.37500,177.12500,0.00616,0.22430,-0.97412,0.02698,-1.25000,26.58887,863.94800,330.00000,81.25000,10.00000,-0.97444,7.65665,0.43096
701.21973,0.00000,0.00000,4.12375,12.55375,-1.60000,2.72000,0.03000,1180.29297,3.00000,-3.89000,0.51000,-9.23000,-2.28000,-2.21000,-9.27000,8.75000,24.00000,41.06250,0.99702,-0.82685,2.22857,356.50000,-14.18750,166.25000,-0.12799,0.02991,-0.98492,0.11261,0.00000,26.57890,864.40332,320.00000,78.75000,0.00000,1.87705,12.77306,-1.27132
701.41968,0.00000,0.00000,4.12375,12.55375,1.39000,1.42000,-1.27000,1176.48828,3.00000,-2.28000,-0.11000,-10.23000,-3.68000,-1.54000,-8.95000,24.25000,23.68750,38.37500,0.07527,0.17017,2.59290,24.68750,-22.12500,170.81250,-0.17218,-0.20953,-0.95563,0.11511,1.25000,26.57890,864.64624,350.00000,85.00000,10.00000,2.01352,7.20176,-0.53870
701.61963,0.00000,0.00000,4.12500,12.55375,2.02000,0.98000,0.82000,1171.56299,3.00000,-1.49000,1.44000,-8.31000,-3.52000,0.46000,-9.14000,33.37500,10.68750,38.87500,0.15490,0.29562,2.79798,56.12500,-20.75000,-176.56250,-0.17267,-0.46277,-0.86743,0.06024,0.00000,26.55136,865.58423,310.00000,73.75000,0.00000,2.24815,8.58081,-0.53870
701.82715,0.00000,0.00000,4.12250,12.55249,1.50000,0.23000,1.85000,1162.49463,3.00000,-0.98000,1.96000,-7.47000,-2.41000,1.78000,-9.33000,33.56250,-3.25000,41.25000,0.13308,0.23998,2.84161,85.75000,-14.18750,-169.12500,-0.15295,-0.68256,-0.71448,0.01465,-2.50000,26.56641,866.27002,330.00000,80.00000,30.00000,1.12527,6.58884,-2.03268
702.02661,0.00000,0.00000,4.12125,12.55375,0.83000,-0.91000,0.74000,1158.70020,3.00000,0.18000,1.79000,-8.65000,-0.64000,2.71000,-9.40000,24.00000,-18.18750,43.56250,-0.22798,0.46033,2.84270,116.93750,-3.06250,-163.68750,-0.13501,-0.84369,-0.51709,-0.05060,0.00000,26.57382,866.80981,330.00000,80.00000,0.00000,-0.35195,10.38365,-2.28646
702.22656,0.00000,0.00000,4.12375,12.55375,1.24000,-2.01000,-0.98000,1150.17090,3.00000,3.04000,1.12000,-10.09999,1.80000,3.13000,-9.11000,6.68750,-27.56250,41.25000,-0.61523,0.35452,2.86234,147.81250,11.31250,-160.87500,-0.12909,-0.94318,-0.27173,-0.14117,0.00000,26.57890,867.50562,320.00000,76.25000,0.00000,-0.39744,9.21767,-4.31196
702.42651,0.00000,0.00000,4.12375,12.55375,1.83000,0.30000,-4.16000,1147.16943,3.00000,5.82000,3.11000,-12.66999,3.98000,2.81000,-8.50000,-14.25000,-29.50000,37.37500,-0.96648,0.11890,2.91143,180.75000,24.50000,-161.81250,-0.14807,-0.96552,0.00653,-0.21405,1.25000,26.58379,868.19336,320.00000,77.50000,0.00000,-1.20189,16.58224,-3.26090
702.62646,0.00000,0.00000,4.12250,12.55500,-0.79000,0.00000,-1.86000,1135.61768,3.00000,3.83000,1.73000,-10.33000,4.62000,1.73000,-8.46000,-28.87500,-22.87500,33.25000,-0.60214,-0.88357,2.74998,215.50000,27.93750,-168.87500,-0.15778,-0.91998,0.29480,-0.20447,-1.25000,26.59121,869.49805,320.00000,78.75000,10.00000,-2.91135,11.24317,0.48842
702.82642,0.00000,0.00000,4.12125,12.55375,-2.65000,-0.71000,-0.88000,1124.81592,3.00000,0.56000,-0.43000,-10.14000,3.22000,0.28000,-9.25000,-31.50000,-10.50000,38.06250,-0.27925,-1.26100,2.59290,247.06250,18.50000,-178.50000,-0.09930,-0.82263,0.54517,-0.12756,0.00000,26.58633,870.42017,330.00000,81.25000,0.00000,-0.25379,6.25365,-0.54348
703.02637,0.00000,0.00000,4.07625,12.55375,-1.63000,0.76000,0.32000,1117.30127,3.00000,-0.29000,0.97000,-9.38000,1.33000,0.20000,-9.71000,-25.18750,0.50000,44.37500,-0.82030,-0.84648,2.75762,276.31250,7.81250,-178.75000,-0.05707,-0.65521,0.75256,-0.03284,0.00000,26.57636,871.02710,320.00000,76.25000,10.00000,0.16041,7.65187,-0.08380
703.22632,0.00000,0.00000,4.12500,12.55375,-0.51000,0.15000,1.65000,1114.14111,3.00000,0.12000,1.81000,-8.48000,1.10000,1.49000,-9.62000,-20.00000,3.68750,45.56250,-0.98066,0.09054,2.98124,308.75000,6.43750,-171.18750,-0.08722,-0.41669,0.90363,0.04700,0.00000,26.56894,871.17993,350.00000,85.00000,0.00000,-0.05986,8.82502,-1.86029
703.42627,0.00000,0.00000,4.12625,12.55500,-1.15000,0.63000,0.72000,1109.61768,3.00000,2.14000,1.46000,-7.76000,2.84000,1.35000,-9.27999,-19.50000,7.75000,44.75000,-0.24107,0.47015,3.01396,342.50000,16.81250,-171.62500,-0.15875,-0.13562,0.97687,0.04565,0.00000,26.57382,872.00806,350.00000,83.75000,0.00000,-1.15640,9.33260,-1.30245
703.63403,0.00000,0.00000,4.12250,12.55375,-1.76000,1.59000,-0.79000,1100.41162,3.00000,1.65000,1.12000,-9.97000,3.38000,-0.57000,-9.18000,-15.06250,17.06250,44.87500,0.09817,-0.16253,2.69544,15.87500,20.18750,176.43750,-0.17700,0.14856,0.97290,-0.00787,1.25000,26.57382,873.16968,320.00000,78.75000,10.00000,-0.87867,10.03170,-1.48680
703.83374,0.00000,0.00000,4.12375,12.55249,0.02000,1.56000,-0.61000,1090.97363,3.00000,1.64000,-0.36000,-10.08000,1.62000,-1.92000,-9.47000,0.56250,23.50000,44.87500,-0.30870,-0.83012,2.23729,42.06250,8.81250,168.43750,-0.10785,0.35626,0.92584,-0.06506,0.00000,26.57129,874.07397,400.00000,97.50000,0.00000,-0.65601,10.75954,0.46448
704.03369,0.00000,0.00000,4.12250,12.55500,0.69000,0.42000,-3.46000,1082.65576,3.00000,0.61000,-0.89000,-13.18000,-0.08000,-1.32000,-9.71000,16.56250,16.06250,46.00000,-0.72758,-0.02291,2.22529,66.81250,-0.62500,172.62500,-0.03033,0.54950,0.83301,-0.05658,0.00000,26.56641,874.79297,320.00000,78.75000,0.00000,-1.98479,11.03248,1.16358
704.23364,0.00000,0.00000,4.12375,12.55375,-1.01000,1.57000,-0.47000,1077.54004,3.00000,-0.68000,0.70000,-10.23000,0.32000,-0.86000,-9.76000,18.37500,5.00000,48.00000,0.36761,0.79631,2.08458,90.93750,2.25000,174.62500,-0.04688,0.71228,0.70013,-0.01843,-1.25000,26.56894,875.02930,320.00000,78.75000,10.00000,-1.19949,9.85214,1.72382
704.43359,0.00000,0.00000,4.12125,12.55375,0.45000,2.12000,-2.05000,1079.95020,3.00000,1.17000,-0.62000,-11.43999,0.71000,-2.75000,-9.38000,14.25000,6.37500,48.00000,1.28282,0.12326,1.76605,112.31250,3.93750,162.81250,-0.14301,0.82092,0.55023,-0.05389,0.00000,26.55644,874.73926,320.00000,78.75000,0.00000,-4.01508,7.45554,3.18189
704.63354,0.00000,0.00000,4.12125,12.55249,2.81000,0.00000,-0.68000,1073.89404,3.00000,1.51000,-4.52000,-9.27999,-1.30000,-4.52000,-8.60000,20.87500,12.37500,45.00000,0.66213,-0.87921,1.62316,127.56250,-8.43750,151.93750,-0.18176,0.86829,0.42725,-0.17450,0.00000,26.56133,876.42578,330.00000,80.00000,0.00000,-1.40779,7.71412,3.62243
704.83350,0.00000,0.00000,4.12125,12.55375,1.61000,0.13000,1.01000,1056.68750,3.00000,-2.39000,-3.15000,-7.30000,-4.00000,-3.29000,-8.32000,32.00000,4.68750,40.25000,-1.07120,-0.61632,1.24791,140.25000,-24.62500,159.25000,-0.08350,0.90454,0.32666,-0.26099,1.25000,26.55644,877.57959,330.00000,80.00000,10.00000,1.46046,10.90798,2.27689
705.03369,0.00000,0.00000,4.12500,12.55375,-0.34000,-0.14000,-3.84000,1051.21240,3.00000,-4.56000,-0.13000,-12.41999,-4.44000,-0.04000,-8.74000,35.00000,-12.50000,37.56250,-1.91114,0.40579,0.24435,142.68750,-26.93750,179.62500,0.08014,0.92157,0.31213,-0.21649,0.00000,26.55898,878.03345,350.00000,83.75000,0.00000,0.68953,17.49203,1.97522
705.23364,0.00000,0.00000,4.12500,12.55500,0.47000,-1.18000,-5.38000,1045.82227,3.00000,-2.89000,2.25000,-12.68000,-2.68000,2.93000,-8.96000,27.87500,-24.75000,35.56250,-1.00575,1.41044,-0.00982,138.18750,-15.12500,-161.37500,0.19458,0.91406,0.34918,-0.06866,0.00000,26.54648,878.81250,330.00000,81.25000,0.00000,2.21224,8.63588,0.90022
705.44043,0.00000,0.00000,4.09750,12.55249,-0.37000,-1.09000,-0.41000,1040.17871,3.00000,-0.97000,2.39000,-9.56000,-0.60000,3.48000,-9.14000,18.18750,-28.50000,37.87500,0.15053,1.12137,-0.72540,131.43750,-3.06250,-159.25000,0.17529,0.89636,0.40430,0.04883,1.25000,26.54902,879.14453,330.00000,80.00000,10.00000,0.92177,9.01177,-0.18435
705.64014,0.00000,0.00000,4.12250,12.55375,-0.42000,-0.04000,-1.70000,1034.53467,3.00000,-0.02000,2.65000,-11.12000,0.40000,2.70000,-9.41000,14.75000,-23.68750,42.18750,0.75813,0.78431,-1.54898,116.43750,2.50000,-164.31250,0.10376,0.84222,0.52124,0.09045,0.00000,26.54648,880.13721,330.00000,80.00000,0.00000,0.53151,11.95664,0.30167
705.84009,0.00000,0.00000,4.12250,12.55375,-0.26000,0.60000,-1.01000,1025.37109,3.00000,0.71000,1.68000,-10.71000,0.97000,1.08000,-9.68999,14.75000,-10.25000,48.87500,1.29809,0.69813,-2.16639,93.62500,5.93750,-174.18750,0.00085,0.72742,0.68231,0.07245,0.00000,26.54902,880.88843,320.00000,80.00000,0.00000,0.26815,9.72764,-0.82600
706.04004,0.00000,0.00000,4.12250,12.55249,-0.08000,1.05000,-0.04000,1020.16064,3.00000,2.24000,0.77000,-9.56000,2.32000,-0.27000,-9.52000,8.06250,6.06250,49.68750,0.72867,0.60432,-2.43146,66.25000,14.06250,178.18750,-0.11108,0.54254,0.83087,0.05469,0.00000,26.54395,881.44678,320.00000,77.50000,0.00000,-0.01676,9.62229,-1.03908
706.24023,0.00000,0.00000,4.12375,12.55375,0.94000,1.57000,0.84000,1014.73877,3.00000,3.68000,1.64000,-8.57000,2.74000,0.06000,-9.41000,-0.50000,12.56250,49.00000,0.34470,-0.30980,-2.25147,39.50000,16.00000,-179.37500,-0.12927,0.33508,0.93182,0.05176,0.00000,26.53398,882.22729,320.00000,76.25000,0.00000,-0.65122,10.76193,0.44532
706.43994,0.00000,0.00000,4.12250,12.55375,0.39000,1.83000,-1.85000,1003.07056,3.00000,1.10000,1.84000,-11.64000,0.70000,0.01000,-9.77999,1.68750,13.00000,49.00000,0.95557,-1.51080,-1.93950,16.50000,3.25000,179.50000,-0.02911,0.14343,0.98926,0.00031,1.25000,26.54395,883.34448,350.00000,83.75000,10.00000,-1.11809,12.53125,-1.25935
706.63989,0.00000,0.00000,4.12500,12.55375,-3.22000,0.18000,-0.94000,998.31445,3.00000,-3.07000,-1.48000,-10.50999,-0.93000,-2.29000,-9.48000,4.75000,24.56250,43.25000,1.09301,-0.35888,-1.61116,357.75000,-5.43750,166.37500,0.05078,-0.02692,0.99084,-0.12219,0.00000,26.54648,883.70337,350.00000,82.50000,0.00000,-1.14682,9.05965,0.85234
706.83984,0.00000,0.00000,4.12500,12.55375,-1.77000,0.22000,-7.94000,995.47144,3.00000,-1.80000,-0.57000,-16.91999,0.53000,-3.60000,-9.10000,-5.56250,30.56250,39.37500,0.07745,0.47451,-1.19882,341.87500,3.06250,158.37500,-0.00092,-0.15948,0.96881,-0.18945,0.00000,26.54902,884.28516,320.00000,78.75000,0.00000,0.25139,7.72848,1.29287
707.04956,0.00000,0.00000,4.12250,12.55375,-0.53000,0.95000,0.71000,985.08179,3.00000,-0.48000,0.37000,-10.40000,0.56000,-2.64000,-9.42000,-11.18750,29.18750,40.06250,-0.67195,-0.79631,-0.35343,333.31250,2.87500,164.68750,0.00549,-0.22852,0.96411,-0.13513,0.00000,26.55136,885.33838,320.00000,76.25000,0.00000,0.84036,13.82172,-0.75657
707.24634,0.00000,0.00000,4.12375,12.55375,-0.19000,2.13000,-1.03000,977.75757,3.00000,-1.39000,0.91000,-10.68000,-1.20000,-1.21000,-9.65000,-3.68750,20.56250,46.75000,-1.21082,-1.04392,-0.37415,328.87500,-7.56250,173.43750,0.07904,-0.26721,0.95966,-0.03680,-1.25000,26.55390,885.90112,320.00000,76.25000,10.00000,-0.30406,8.26717,-0.27773
707.44604,0.00000,0.00000,4.12250,12.55500,0.57000,1.38000,-0.45000,973.50879,3.00000,-1.46000,1.30000,-10.05000,-2.04000,-0.08000,-9.59000,-0.25000,13.87500,48.75000,-0.29234,0.17235,-0.09927,324.56250,-11.87500,179.62500,0.09973,-0.30243,0.94751,0.02887,0.00000,26.55390,886.47998,320.00000,78.75000,0.00000,1.32160,8.71250,0.55067
707.64600,0.00000,0.00000,4.12125,12.55375,0.81000,1.16000,-0.63000,966.81860,3.00000,-0.17000,1.60000,-10.38000,-0.99000,0.44000,-9.74000,-2.56250,11.68750,49.56250,-0.19962,0.65995,0.32507,326.00000,-5.37500,-177.25000,0.03851,-0.29150,0.95508,0.03625,0.00000,26.55898,887.23145,320.00000,77.50000,0.00000,-0.48842,7.70933,0.40701
707.84595,0.00000,0.00000,4.12375,12.55375,-0.06000,0.08000,1.66000,959.55762,3.00000,0.31000,0.73000,-8.11000,0.37000,0.64000,-9.77000,-8.50000,12.37500,48.68750,0.08945,0.59232,0.69159,331.68750,2.50000,-176.25000,-0.02936,-0.24408,0.96899,0.02576,-1.25000,26.56387,887.94580,320.00000,76.25000,10.00000,1.09415,9.87608,1.82678
708.04590,0.00000,0.00000,4.12250,12.55375,-0.55000,0.78000,1.50000,951.92676,3.00000,0.50000,0.56000,-8.24000,1.05000,-0.22000,-9.74000,-11.50000,15.37500,46.75000,0.70904,0.08181,0.85739,340.12500,6.18750,178.18750,-0.05078,-0.17212,0.98346,-0.02435,0.00000,26.57129,888.78638,350.00000,85.00000,0.00000,0.60813,11.99495,0.30646
708.24609,0.00000,0.00000,4.12500,12.55249,-0.23000,2.93000,-3.08000,945.60645,3.00000,0.56000,0.53000,-13.75000,0.33000,-2.06000,-9.58000,-6.25000,24.00000,43.56250,0.95448,-0.68177,0.81594,348.62500,1.87500,167.81250,-0.00208,-0.09485,0.98932,-0.11072,-1.25000,26.55898,889.39624,350.00000,85.00000,10.00000,0.36871,15.63174,0.10056
708.44580,0.00000,0.00000,4.11625,12.55375,-3.36000,1.41000,-3.11000,939.27539,3.00000,-4.59000,0.93000,-9.91000,-1.56000,-2.23000,-9.41000,6.00000,26.50000,42.25000,-0.09381,-0.58687,0.71886,357.18750,-9.18750,166.56250,0.08606,-0.02100,0.98969,-0.11261,-1.25000,26.57129,890.16650,290.00000,72.50000,10.00000,-0.88346,8.17859,1.57538
708.64575,0.00000,0.00000,4.12625,12.55125,0.71000,2.40000,2.55000,933.14526,3.00000,-0.67000,-0.69000,-7.26000,-2.11000,-2.34000,-9.27999,11.56250,26.18750,42.00000,0.59668,0.05018,0.95011,7.06250,-12.43750,165.81250,0.10168,0.06097,0.98468,-0.12781,0.00000,26.55898,890.75024,560.00000,138.75000,0.00000,0.28252,6.45955,1.78129
708.84570,0.00000,0.00000,4.12375,12.55375,1.20000,4.03000,0.66000,928.39990,3.00000,-1.20000,0.91000,-8.31000,-2.43000,-3.16000,-8.95000,17.87500,29.18750,39.25000,0.84976,0.09927,1.14646,21.37500,-14.37500,160.50000,0.09418,0.18170,0.96100,-0.18597,0.00000,26.57890,891.30835,290.00000,70.00000,0.00000,0.83558,7.40766,1.13725
709.04565,0.00000,0.00000,4.12375,12.55375,0.01000,1.41000,1.13000,921.58276,3.00000,-2.83000,-1.82000,-7.67000,-2.85000,-3.19000,-8.81000,22.56250,28.87500,35.87500,-0.05236,0.34034,1.17373,36.37500,-16.93750,160.00000,0.08984,0.30444,0.92566,-0.20581,0.00000,26.56894,892.11230,290.00000,72.50000,0.00000,0.76136,10.47463,-0.22266
709.24561,0.00000,0.00000,4.12500,12.55375,1.08000,1.35000,-1.72000,913.98364,3.00000,-1.19000,-0.52000,-11.07000,-2.27000,-1.87000,-9.35000,25.56250,21.75000,40.18750,-0.90430,0.92066,1.07556,49.56250,-13.00000,169.31250,0.06525,0.41516,0.89801,-0.13049,1.25000,26.57636,892.89355,290.00000,72.50000,10.00000,0.13886,14.52562,1.57299
709.44556,0.00000,0.00000,4.12625,12.55375,0.00000,-0.11000,-1.46000,908.76245,3.00000,-0.24000,0.46000,-11.24000,-0.24000,0.58000,-9.77999,20.37500,12.50000,45.56250,-1.01447,1.38317,1.13774,61.75000,-0.62500,-176.00000,0.02258,0.51294,0.85767,0.02704,1.25000,26.57382,893.25464,290.00000,72.50000,10.00000,0.06943,9.00938,0.96726
709.64551,0.00000,0.00000,4.12625,12.55375,-0.04000,2.52000,2.46000,905.50708,3.00000,2.16000,3.55000,-7.02000,2.21000,1.02000,-9.49000,9.06250,1.00000,49.06250,0.45051,0.75158,0.53451,71.06250,13.43750,-174.12500,-0.06659,0.57672,0.80688,0.10895,0.00000,26.56894,893.91675,290.00000,72.50000,0.00000,-0.59376,12.96220,0.08859
709.84546,0.00000,0.00000,4.12375,12.55375,-1.04000,1.69000,-3.46000,895.27637,3.00000,0.83000,1.48000,-13.09000,1.88000,-0.20000,-9.62000,3.75000,5.68750,49.50000,0.89230,-1.20646,-1.21082,64.50000,10.37500,178.37500,-0.08398,0.53143,0.84210,0.03680,0.00000,26.55390,895.08960,290.00000,71.25000,0.00000,1.54665,11.52568,-0.54827
710.04541,0.00000,0.00000,4.12500,12.55375,1.04000,1.48000,-2.96000,886.85278,3.00000,-0.01000,0.21000,-12.62000,-1.05000,-1.27000,-9.66000,14.56250,14.25000,47.18750,0.29016,-1.77587,-1.80642,45.87500,-7.00000,172.18750,0.03027,0.38837,0.91693,-0.08618,0.00000,26.53906,895.80200,310.00000,75.00000,0.00000,0.08619,9.94791,-1.20668
710.25464,0.00000,0.00000,4.12250,12.55375,0.93000,1.75000,0.02000,880.93408,3.00000,-1.32000,-0.08000,-9.34000,-2.25000,-1.83000,-9.36000,17.87500,21.68750,40.06250,-0.69595,-0.18326,-3.54956,13.18750,-12.93750,168.81250,0.10181,0.11359,0.98242,-0.10767,0.00000,26.52148,896.43530,350.00000,85.00000,0.00000,-0.48842,13.16332,-0.28970
710.45435,0.00000,0.00000,4.12500,12.55375,0.46000,4.62000,-4.78000,874.39185,3.00000,0.51000,2.08000,-14.75999,-0.13000,-1.07000,-9.74000,-5.00000,20.37500,45.87500,-1.03847,0.75813,-4.59021,328.00000,-0.75000,173.62500,0.01569,-0.29614,0.95380,-0.04803,0.00000,26.53906,897.14404,350.00000,73.75000,0.00000,0.56024,10.96065,1.72861
710.65430,0.00000,0.00000,4.12375,12.55375,-0.06000,0.75000,0.11000,868.16650,3.00000,0.80000,2.06000,-9.55000,0.86000,0.59000,-9.75000,-21.56250,2.37500,45.87500,-0.03054,0.15599,-5.00255,274.81250,5.00000,-176.43750,-0.05359,-0.69324,0.71869,-0.00659,0.00000,26.52910,897.90308,290.00000,71.25000,10.00000,1.55623,10.47702,0.69671
710.85425,0.00000,0.00000,4.12625,12.55375,2.50000,0.00000,0.03000,861.93091,3.00000,3.13000,0.18000,-9.75000,0.64000,0.11000,-9.77999,-14.37500,-13.68750,45.50000,1.00793,0.28471,-5.68323,215.31250,3.75000,-179.31250,-0.01556,-0.95233,0.30322,-0.02942,-1.25000,26.53398,898.42871,290.00000,71.25000,10.00000,2.39420,7.61116,0.31843
711.05420,0.00000,0.00000,4.12500,12.55375,2.84000,0.81000,-1.76000,856.89990,3.00000,4.32000,0.55000,-11.45000,1.50000,-0.22000,-9.68000,1.50000,-13.37500,48.68750,0.61087,0.04254,-6.37918,147.25000,8.81250,178.62500,0.03278,-0.95654,-0.28101,-0.07050,0.00000,26.52910,899.01685,290.00000,71.25000,0.00000,1.91057,7.70454,-0.33519
711.25415,0.00000,0.00000,4.12500,12.55500,2.39000,1.35000,3.40000,850.98120,3.00000,3.37000,1.22000,-6.34000,0.97000,-0.13000,-9.75000,12.18750,2.18750,49.37500,1.31990,-0.34470,-6.44681,75.43750,5.56250,178.81250,0.04462,-0.61108,-0.78998,-0.02185,1.25000,26.52148,899.65625,290.00000,71.25000,0.00000,0.50039,8.42519,-1.23541
711.45410,0.00000,0.00000,4.12500,12.55375,1.66000,2.34000,0.52000,848.00073,3.00000,4.29000,1.13000,-8.83000,2.63000,-1.20000,-9.36000,-6.50000,22.25000,43.50000,1.40826,1.13774,-6.73152,1.81250,16.62500,172.93750,0.14624,-0.01587,-0.98749,0.05725,1.25000,26.51406,899.62988,290.00000,70.00000,10.00000,1.34794,8.24323,-3.24654
711.65405,0.00000,0.00000,4.12375,12.55500,2.01000,0.64000,-2.63000,852.74634,3.00000,6.11000,3.53000,-11.05000,4.09000,2.89000,-8.42000,-38.37500,-0.75000,34.50000,0.31198,0.98066,-7.39365,276.75000,22.81250,-157.81250,0.27069,0.63922,-0.71985,-0.00110,-1.25000,26.49414,899.82373,290.00000,71.25000,10.00000,1.70467,16.83842,-5.15711
711.86157,0.00000,0.00000,4.12375,12.55375,4.25000,1.09000,-6.66000,832.99268,3.00000,3.82000,5.86000,-15.21999,-0.43000,4.76000,-8.55000,-8.37500,-37.37500,30.25000,0.83994,1.82932,-7.04131,191.37500,-3.50000,-151.56250,0.24072,0.96417,-0.09607,-0.05603,0.00000,26.48926,901.66284,320.00000,77.50000,0.00000,1.41497,10.36929,0.13408
712.06104,0.00000,0.00000,4.12375,12.55375,4.11000,0.39000,-0.29000,826.05933,3.00000,2.95000,3.28000,-9.49000,-1.38000,1.78000,-9.54000,22.50000,-20.75000,41.06250,0.04145,2.16094,-7.40565,110.81250,-8.12500,-169.37500,0.10974,0.79700,0.59393,-0.00238,0.00000,26.48183,902.38159,360.00000,86.25000,0.00000,0.33998,6.95994,-0.50039
712.26099,0.00000,0.00000,4.12375,12.55375,2.29000,-2.07000,1.12000,821.77881,3.00000,1.91000,1.88000,-7.59000,-0.09000,1.67000,-9.66000,12.00000,5.75000,47.87500,-0.63704,1.43771,-6.19810,30.56250,-0.50000,-170.12500,0.02386,0.23376,0.96826,0.08514,1.25000,26.49414,902.78491,350.00000,70.00000,10.00000,1.62806,6.34463,-0.51715
712.46094,0.00000,0.00000,4.12500,12.55375,-0.09000,0.68000,3.02000,816.87476,3.00000,0.10000,3.18000,-6.44000,0.21000,2.53000,-9.46000,-7.00000,3.25000,49.18750,-0.23453,1.33409,-4.72439,331.50000,1.18750,-164.93750,-0.04260,-0.24396,0.96088,0.12390,1.25000,26.48926,903.34766,290.00000,71.25000,10.00000,1.15161,7.41723,-1.59214
712.66089,0.00000,0.00000,4.12500,12.55249,-0.39000,-1.44000,-1.47000,811.73804,3.00000,0.08000,1.70000,-10.74000,0.47000,3.20000,-9.25000,-19.00000,-9.00000,44.06250,-0.31743,1.44099,-4.24988,281.06250,2.75000,-160.87500,-0.12427,-0.62634,0.76129,0.11230,-1.25000,26.50175,904.11011,290.00000,72.50000,10.00000,2.30083,6.10521,-1.52989
712.86084,0.00000,0.00000,4.12500,12.55375,0.34000,-0.16000,2.64000,802.64868,3.00000,-0.18000,3.56000,-6.41000,-0.61000,3.71000,-9.05000,-13.00000,-27.25000,39.50000,-0.21598,0.87376,-4.51495,229.43750,-3.56250,-157.62500,-0.16211,-0.89056,0.41052,0.10999,0.00000,26.49179,904.93042,290.00000,71.25000,0.00000,1.32399,9.36612,-0.15562
713.06079,0.00000,0.00000,4.12375,12.55375,0.47000,-1.30000,0.95000,795.69434,3.00000,-1.04000,1.51000,-8.30000,-1.52000,2.82000,-9.26000,6.75000,-31.25000,39.06250,0.09599,1.23918,-3.68483,182.18750,-8.87500,-163.43750,-0.14105,-0.98651,0.01904,0.08105,0.00000,26.50175,905.81982,290.00000,70.00000,0.00000,-0.05986,10.02213,0.62010
713.26074,0.00000,0.00000,4.12500,12.55375,-0.94000,0.31000,-2.01000,787.84155,3.00000,-1.51000,2.04000,-11.65000,-0.57000,1.73000,-9.63000,14.18750,-22.37500,42.06250,0.34361,1.54025,-3.33358,141.43750,-2.81250,-170.06250,-0.08521,-0.93494,-0.34424,-0.01019,-1.25000,26.50175,906.42920,290.00000,70.00000,10.00000,0.00958,8.64785,-1.40779