Wind Speed [mph],Wind Direction [deg],Air Temperature [K],Air Pressure [Pa],Launch Rod Angle [deg],Launch Rod Direction [deg]
9.0,291.0772530392735,297.3051041411242,101369.8752878736,9.925223474198066,180
9.0,43.23421971721956,285.0646381639136,101834.5536758291,6.776312519598357,180
9.0,89.64108715303216,286.29361199229766,100666.4658705288,8.338721490442836,180
9.0,195.56302851042403,295.5787194504945,100496.2196915993,5.124069392877663,180
9.0,332.0337309179373,288.27610983319136,101234.23189630089,9.653470309134613,180
9.0,20.33369368918916,290.194986529363,100656.95317237431,5.15611795923903,180
9.0,287.4546588637484,284.4440350132851,102309.74399163331,7.344241122473,180
9.0,207.6037438139277,287.3360571303898,101232.90753435619,8.213217276534719,180
9.0,160.40783208269013,296.2342777428608,101797.17867473839,9.894979354095897,180
9.0,165.33358634657748,289.7859253839687,101650.10417514035,7.908645256295035,180
9.0,38.39354040522733,298.85645699721834,101944.77808761157,5.766050821322779,180
9.0,333.05771599530385,298.64214162027815,101032.27136221384,5.286264421854899,180
9.0,346.25939859696746,296.88091786456715,102081.32414541321,8.733039482555913,180
9.0,272.30323137616574,292.7382007820847,101336.94473128018,5.80575174432892,180
9.0,102.6732383901093,298.6396930754169,101480.3348775383,7.518450901449628,180
9.0,277.04706616939814,298.9490385818228,102032.21360085726,8.777725753989309,180
9.0,136.73175379318553,287.0628759487739,101597.0976234974,7.808525226786378,180
9.0,37.49164554211957,288.0333552547362,100750.07517867738,7.5999276953799075,180
9.0,64.50278700282573,299.2939485719793,101715.2574219038,6.712057742497874,180
9.0,67.22202398132039,300.68085056479174,101401.99299609955,5.620323505436482,180
9.0,55.458105749387336,289.92050885890336,100727.64883868251,8.599977479550454,180
9.0,312.61603791710354,296.4253594901919,100969.03272367654,6.943841219830053,180
9.0,308.2887469540722,300.9086200584334,101936.90189654422,6.199391837449502,180
9.0,356.3679548129813,284.65987675840995,101032.23657821775,7.845960199134166,180
9.0,105.68212086227241,283.2207283026248,101538.02604095888,8.314087001115704,180
9.0,112.13685527390463,298.1041663248133,102082.32036191941,8.342244187681962,180
9.0,263.0422656802189,291.94277236752635,101837.5849816796,8.836715095697178,180
9.0,282.19885652886387,283.42935074763415,101480.72821700864,5.43988130282325,180
9.0,289.0757098750728,300.03390296231953,100968.12050827156,6.305522740450945,180
9.0,188.3330805776174,284.51675219101753,101467.61005140468,8.784524704020647,180
9.0,185.20821616026262,291.5653672579802,101378.28402327992,5.952035686855689,180
9.0,218.79818077478032,284.19639366791864,100847.23627390468,7.839416188305687,180
9.0,278.84969253280667,289.6758374210372,101246.3970663332,9.02798713475347,180
9.0,111.8573392434558,293.54492408216765,100555.18656185774,8.330856678098074,180
9.0,204.83983889624224,297.5444273141022,101374.90850503292,6.428130349667831,180
9.0,176.51723972204613,294.2479470390263,101556.26277693358,9.248283572985901,180
9.0,151.4177517851593,288.3863463865841,101350.23365529074,7.106102889926958,180
9.0,338.38625325283505,292.8821938323482,101046.93281761995,5.6946811320335335,180
9.0,91.07900285309532,287.42814019578674,101116.45619935339,8.85514119538251,180
9.0,149.27921142874933,294.4413003351375,101308.6262610348,5.591832433393684,180
9.0,141.38548038906248,292.7131686103367,100930.44078376505,7.3257675269172235,180
9.0,146.31126570514553,286.42628819741077,100972.27226529068,9.877759352789518,180
9.0,314.97256339844495,295.6010800239506,100999.56148588071,9.84514185967314,180
9.0,87.77352014152709,301.5717829849078,101511.33320186577,9.256060823838276,180
9.0,65.44024090160124,293.152617979586,101127.03258780962,5.062059189096583,180
9.0,135.41507961005968,285.9840731105625,101766.52167734581,6.072023184445301,180
9.0,7.857727857598467,290.40050706456947,100590.7767348513,8.112263984713088,180
9.0,330.57970110519267,285.6774593025899,101089.8256850348,9.624127391238865,180
9.0,172.6585498782514,300.84540522434486,101461.54627876464,9.977139596941667,180
9.0,40.66888871743336,299.23146739454944,101543.22020605202,9.872989718007926,180
9.0,47.1641394315935,290.574975347717,102476.85281650782,9.861357815906324,180
9.0,21.011074189567047,288.63705364696744,102823.13764813603,7.599665468649087,180
9.0,198.40182216846415,298.3822236889668,101057.44129303994,8.777072756768428,180
9.0,62.66394900952206,294.85925313467624,101923.6619763117,9.751825711365454,180
9.0,309.45149552242066,292.2692631855856,100950.9946549154,6.4425196985741415,180
9.0,186.92960103079076,293.3363453860346,101250.75851467338,7.126492220834018,180
9.0,283.6294805068347,299.337369984294,101338.2809496553,8.071253076973202,180
9.0,52.067353652495704,289.0067344463071,101083.18664348414,6.896423157375754,180
9.0,226.73100666331237,288.5466086790563,101280.56640762454,8.139591795150523,180
9.0,153.58517124781613,300.59888456055296,100959.06463451195,7.283043400678569,180
9.0,313.4239461672601,295.6732176436662,101629.41277640164,5.461894449775255,180
9.0,226.82848917497742,283.83613422335173,101163.21023393192,6.594655009379974,180
9.0,185.59760237321976,296.5926268665581,101638.23618722493,9.094022656184658,180
9.0,318.8617356557484,283.55926757848124,101398.22690606315,6.967500806498287,180
9.0,105.22541402700746,283.93726477717956,101222.24849600173,8.005772021643821,180
9.0,25.584982751694362,285.44608097673995,100555.54655834264,7.174162312704534,180
9.0,9.078363991534673,285.1605451261276,101229.3528629273,8.152787643570766,180
9.0,270.75281885736456,291.07200015378356,101491.20653707963,9.839234120362354,180
9.0,276.1822156601212,285.83908144986617,101678.91677456374,8.48680343091015,180
9.0,226.14457215389442,295.92607318696145,101764.99653664452,8.749385384396069,180
9.0,146.49717318879715,299.9660437910865,100964.51713526445,5.691382086217386,180
9.0,130.09225466099622,300.0794620421754,101118.44655950891,7.030154956099192,180
9.0,340.40591289280064,298.989765452243,100924.29492044919,9.789951172555568,180
9.0,134.69044827935298,284.311395451559,101375.2608260814,7.616134436838793,180
9.0,128.56253414736918,298.0607314490172,101775.44395142383,8.63323146460497,180
9.0,235.1443119909756,289.54693193049764,101497.38590955938,5.9601361359817835,180
9.0,56.23948091698888,290.2583505211487,101092.99171926078,6.5280262587011615,180
9.0,148.71835762059794,284.9282549814312,101344.06402097308,9.259484051240339,180
9.0,220.04414831954176,284.0795735774284,101845.58470049388,8.659556631771542,180
9.0,298.5494801563687,283.86264507951176,100686.65440001522,9.203502930695564,180
9.0,57.34122318222541,297.91618033641254,101939.32992853092,7.4798988457973445,180
9.0,57.740438642459324,298.22845221547203,101282.91052604573,5.144974957844913,180
9.0,235.81908229688705,296.6721584807166,101017.25898622847,6.851181671707053,180
9.0,144.98084527968152,288.51570488123457,101976.87496856536,8.63354108581984,180
9.0,54.01512182265219,286.8684217883944,101882.0350042854,5.855639144986805,180
9.0,115.59487552209103,291.8071132216979,101433.00024854568,7.668113632699731,180
9.0,246.2762132913977,292.8765355757112,101220.24124380163,9.48344641339183,180
9.0,218.36295027669857,298.2721652885816,101883.76094084946,6.559023790350492,180
9.0,113.9493148845909,291.21036269887355,101843.40237524551,8.9211186946477,180
9.0,33.02058753441801,291.90075848075014,101318.67356164918,7.130717560833518,180
9.0,34.02390039257117,297.7989887708846,101438.85925612377,9.940449250829898,180
9.0,53.18006918886475,284.2272363492833,101663.59855984,7.38470927351781,180
9.0,298.5696098641164,284.8637000722941,101382.83372015101,8.98630337691767,180
9.0,93.3074071440191,289.01170604576936,101290.79337199985,6.875483401403535,180
9.0,152.20864203453496,284.82193880600425,101872.37868289438,7.862598172776564,180
9.0,229.21334715427355,288.9147333030099,102053.94145312777,8.060448619843555,180
9.0,327.5393318244319,296.55817940415795,101940.42884021506,9.866294367266839,180
9.0,72.59872859789165,283.25962222533093,101251.55227477272,9.887008219187171,180
9.0,121.58656621532408,286.4633133688153,100734.19686471277,6.801188446464897,180
9.0,335.0945716249341,299.2058544574765,101844.09474621688,9.137585093549456,180
9.0,308.9440936922972,283.98403378651193,101754.97219141354,6.827791911939165,180
9.0,215.16956898853118,283.95214673567614,101275.29585449712,7.076734212454257,180
9.0,91.60930340771986,298.06357397454457,101448.1823764943,7.9118350681612295,180
9.0,181.21073351007445,298.958211762851,100965.4738053355,7.139538854587741,180
9.0,14.869324162503649,287.48962863137194,101426.23197234621,7.787379452000605,180
9.0,335.3785023524073,290.6101456933984,101261.23502564647,8.049371064310945,180
9.0,192.1108010586142,296.240070949478,101490.29506025297,7.711603807013997,180
9.0,93.43202715253672,286.90903810165605,101325.91250044722,5.796610504675127,180
9.0,83.1819044810812,299.0268733772906,101049.49702367948,8.22294903693375,180
9.0,3.3295177421727606,298.9865736975891,100734.78538484208,8.927752719074103,180
9.0,45.955619818835636,291.43965953513464,100667.9277771513,9.088492442671352,180
9.0,93.02877628832572,290.06443659667195,101310.9652863901,6.950615817640836,180
9.0,173.60468546558096,300.44580974090417,102013.58378321817,9.57952110955096,180
9.0,132.2730810102868,288.30222717148905,101325.51667875683,5.699804406071739,180
9.0,245.7980658156143,294.0539575172558,101192.16176054747,6.1680582151139065,180
9.0,205.16737573740352,301.0405958921248,100795.01784286062,9.897070305570969,180
9.0,355.8973561179609,292.804534857534,101339.64747520366,6.422719404882331,180
9.0,77.15009347883687,296.2054363778775,101830.98523711761,8.483705550155157,180
9.0,24.69706471466995,289.17306586359587,101141.24531056773,7.186670625235354,180
9.0,148.15408875994328,300.5510416571947,101785.01776188012,9.7940604542575,180
9.0,137.47204217574654,294.69989415086866,100752.71774527225,5.912038366513637,180
9.0,229.56999845546457,284.2570332632595,101503.7678435428,8.973523211529542,180
9.0,53.487941848563466,296.93770244029093,101152.97506375235,9.28827590708636,180
9.0,81.30236745568976,299.23155867467756,101199.82199154756,7.346976398735394,180
9.0,14.451552851368792,297.794828094497,100852.42331743677,6.8193699358394175,180
9.0,355.2557863454029,301.85244118574855,101280.98649922133,8.175659021241195,180
9.0,250.87575932883223,292.231693706375,101245.59949989698,7.043048978801423,180
9.0,218.69083574731974,292.7082846879571,100740.64287631477,6.8347031081597835,180
9.0,250.78356506970684,285.35121106249375,101539.76741586914,5.210858565099434,180
9.0,14.630140626433178,292.2771748740519,100938.52191277067,6.900756591072584,180
9.0,158.60973601936374,296.7040793698405,100810.5401334037,9.893896985189487,180
9.0,119.62947235955633,298.1956761257315,100828.08182188464,9.355478396439812,180
9.0,266.09192428996124,296.72547231359744,101437.79076584848,7.878415097833361,180
9.0,29.50305541049231,297.78639375893545,101286.64084948445,5.1970342068773805,180
9.0,155.69204807145155,298.05695738572456,101608.99898577933,9.67010786525978,180
9.0,209.43517966988813,285.7392936814218,100361.78901914717,7.739340498704464,180
9.0,274.7915258038138,284.2445041097166,101143.68541039454,5.972386221717658,180
9.0,157.94680802088763,295.50136924239894,101757.89221346162,7.1108892447151035,180
9.0,265.5623625771915,290.2519368707058,100929.08537174205,6.024833203765735,180
9.0,106.82660650942935,289.24223500005087,101826.2673260591,8.404220849331931,180
9.0,234.72935045674748,294.80136832802185,101062.48119710042,8.54000195905619,180
9.0,258.26291323769357,297.95987446090345,101006.91835788857,6.5445942421475864,180
9.0,159.69245778920464,296.0241352293927,101754.73137575155,7.633761959598803,180
9.0,17.949688945649733,289.3333003974011,102141.35481357243,5.01339312264626,180
9.0,172.00655695206675,289.90723387128327,100869.17129140449,9.354150226763227,180
9.0,188.24511731473456,289.7621080173403,101347.84188061628,6.448215763888882,180
9.0,207.1809601239201,283.00872322550356,101252.27472566103,8.849885053815251,180
9.0,332.8334807636875,293.30423701966794,101497.65213815444,8.366623570762716,180
9.0,281.6860574001227,299.40828457163525,101385.63701148347,6.394704932177817,180
9.0,339.79633280915414,294.4439639344493,101884.6534892351,5.5146403697272115,180
9.0,41.84350063126023,289.5383837939832,101348.90412774034,7.647543063696775,180
9.0,348.90523455530933,296.63325269167973,100527.98769736076,6.106134415143771,180
9.0,105.38732811979922,285.2024204973054,101594.9912219411,8.843709562747021,180
9.0,230.56364999876044,294.9535011999557,101684.70437801693,8.37277575818609,180
9.0,30.638797149012756,298.0944660968324,100707.47994182263,6.623659436199624,180
9.0,291.56458561129784,294.0256753127268,100927.8240902038,7.335365463196282,180
9.0,225.93214622789498,298.1842332774011,101242.03553850648,7.376298395540708,180
9.0,127.09435117382874,291.3826166824669,101812.58175066474,9.276586530835285,180
9.0,99.44561181961397,284.4894468416774,101541.15405919336,7.487318129322319,180
9.0,50.34273836399289,289.3589141412989,100701.13287127872,8.626601027102813,180
9.0,138.7843134410585,289.42972437356536,100700.41630186586,7.7084921657691545,180
9.0,8.69985920217684,292.78122502424844,100514.82339001242,8.138138851453721,180
9.0,65.8191273745807,301.65461181739744,101737.85134148058,7.5886356992623085,180
9.0,57.14123897535223,295.69220299904987,101931.88479721421,6.0420877554157215,180
9.0,92.27399361564926,288.7402051607119,101377.22794564323,5.521604113600126,180
9.0,198.13985374417132,285.08945950424715,101580.05927982047,6.153076323946039,180
9.0,233.67696968808096,283.33517275672034,101791.50787211432,8.842538380611863,180
9.0,221.06314047264263,287.9747702046744,101098.50753718996,9.680166397573768,180
9.0,251.45853384130572,296.61645757829507,101255.68100752708,6.443459494370586,180
9.0,118.47713254866495,295.5661617478127,101309.62107116471,5.344051014573883,180
9.0,68.67288933232031,283.80396389936493,101706.31847102256,8.474814767134433,180
9.0,78.61158083369895,298.42738252687235,101832.89438837723,8.72084422597244,180
9.0,164.06522600197496,284.32175522677886,100884.54864944486,5.209146432831102,180
9.0,22.22371699206938,294.7456236827172,100662.48615895711,8.886338706743992,180
9.0,61.867753748781496,295.49639190101544,101740.86267546321,8.118046628501116,180
9.0,146.17385053426148,285.172439095061,101620.66036714127,9.668484781161236,180
9.0,138.73013709842087,285.97631473378,101407.16121071739,8.020286129691225,180
9.0,268.9403249618223,285.1349377845999,101440.40064800113,5.646985605309064,180
9.0,230.8838014121974,285.1346738624126,101543.97272084373,7.820146789453449,180
9.0,79.09346793808653,295.89885880961515,101204.03607656536,5.490992753444021,180
9.0,159.4229049413487,295.03714900489325,100915.91144287195,5.584486032105741,180
9.0,227.89872071940678,296.59225816088366,101382.30084389389,8.992692436446667,180
9.0,293.1630257705636,290.3089440907061,100868.11866177211,8.036478816307776,180
9.0,250.599780773027,293.3707661876762,101028.55189006618,5.826024403020944,180
9.0,145.15947869554333,289.34928163736515,101544.41294415668,9.15164991611647,180
9.0,329.92157291231445,294.6292302600145,101770.21510419087,8.692628040710604,180
9.0,87.83654227295631,290.7003592010546,102116.19199540168,7.661465238470911,180
9.0,241.8180670224852,300.7221846432586,101334.00841435014,7.594813816387515,180
9.0,241.36816120903427,283.2779010055748,101240.68620453781,8.533298213550514,180
9.0,84.26137797406953,285.3344947878485,101054.28407478683,9.236383540629504,180
9.0,56.88754305043276,285.5905335141353,101318.72109566985,5.186441344302899,180
9.0,0.8678359346398334,292.5586024327986,100608.86866080109,5.696856791591377,180
9.0,152.57416027095985,300.0423818824591,101227.45520042312,6.4576698485051125,180
9.0,205.06791395696558,300.5770278116249,102070.3692698534,9.538666998111133,180
9.0,129.1848035240395,284.51942255410546,100761.7133017084,7.787152331580563,180
9.0,190.04794007138577,296.8890427772664,101944.86257289446,7.179700318048431,180
9.0,200.39280769913023,286.78301448356785,101513.75081336901,9.100776173233136,180
9.0,37.7816200601987,286.4677191090545,101396.26277300717,5.165597876890187,180
9.0,125.28729058240015,293.308375628323,100786.62119953148,9.721350610960593,180
9.0,138.11929595932133,290.9434348508853,101187.01804061867,6.434751525331289,180
9.0,229.87108731117382,285.47333525762554,102220.91826323103,5.812453634559557,180
9.0,333.3318747980363,288.2714916271424,100461.4489649714,8.153789645455383,180
9.0,359.9100967123387,288.07747842286534,100565.06387645786,5.3550431236874365,180
9.0,220.1988317193584,292.73494392347743,101454.66495080374,7.868358551732959,180
9.0,126.27628578310942,286.3399652670036,101214.67920798049,8.293189800280954,180
9.0,114.58667840247479,291.46251889337935,100958.95618717861,6.591973927505169,180
9.0,96.50890370300174,300.9450100512874,101803.12708370377,6.69030327340127,180
9.0,186.71698039365626,293.0118273957222,101411.1746550867,8.56554893145648,180
9.0,320.5122787222087,293.47875739760764,101578.20700627675,5.970238816370128,180
9.0,348.6574655708499,295.80861443696654,101738.82935968855,7.320514046575716,180
9.0,0.7969873396322713,285.42190912769144,100452.72530296008,6.449700773495305,180
9.0,100.5109080292354,287.9183935621039,100894.45641527411,5.871242042972735,180
9.0,132.28652552997895,283.12413586678053,102113.1654215758,5.27291425461546,180
9.0,188.33996185457175,289.48010605280086,101197.86381875286,9.748801257027425,180
9.0,217.44093432897552,284.3803573002808,101214.92827541758,9.929431141256051,180
9.0,54.613524808988856,290.0802458515141,101400.09716727742,6.674328771892402,180
9.0,130.36768187508767,298.61439051734095,101362.85478242005,6.666044174301869,180
9.0,251.65852792080338,287.36569060930725,100681.19083210012,9.311243522963736,180
9.0,298.3086977663478,298.603393907141,101170.37085622997,9.191007800721634,180
9.0,311.54155504536243,291.9450009749291,101578.50322311498,9.211097333181025,180
9.0,81.89143640018887,293.99424129768556,100965.62411888258,9.157792031028762,180
9.0,15.025249353121781,288.2536277140304,100420.832814407,5.250443016798759,180
9.0,132.8341155706429,283.3660028627717,101390.65590466614,6.160675662184479,180
9.0,231.95762474052944,289.7075874524824,101305.4469140307,6.061105409767896,180
9.0,335.3999192959332,301.35510903898665,101254.95120056704,7.219558232848879,180
9.0,272.0146037087686,288.8972807412496,100721.07139419315,5.190812672038527,180
9.0,265.1928651619021,295.76153824849376,102000.12081169059,7.5993901706470135,180
9.0,222.99892202944932,285.4548938627308,100999.525378887,7.470883166182853,180
9.0,281.8163960866052,291.75383017860776,100371.86282030678,6.426633708148308,180
9.0,212.95508705733357,289.35125652497004,101126.59765518327,9.896330403039666,180
9.0,184.172041307912,286.25479034078285,101575.44656416561,5.726034961120242,180
9.0,156.02342737277888,292.6527926743973,101454.91592731973,8.020770897710138,180
9.0,200.11429529201882,294.6783612009989,101465.07373741761,8.229215893338749,180
9.0,17.88939987461331,299.6095927950181,101368.48740545793,9.865856588941966,180
9.0,339.4860399313986,292.01362370705283,101128.53956840148,8.995039452411856,180
9.0,313.2269949224043,283.22469640647034,101356.70338647244,7.900854164978046,180
9.0,30.8025636123756,292.48332473007395,102640.92195480035,7.028598338614868,180
9.0,56.12347291503602,294.16175558803127,101621.21461063449,9.811594936530437,180
9.0,8.238561088196438,285.01452868894654,101699.07258664355,8.076801004008168,180
9.0,124.21892441864155,300.9182420557443,100433.07635024999,5.51024908519368,180
9.0,77.52968390502673,291.99371367873187,101349.04273887363,8.4259079287779,180
9.0,12.189276444027225,284.90800151684215,101835.13637633297,5.714383875366735,180
9.0,69.909533343561,298.9940632696917,102294.23788936833,8.232054866372897,180
9.0,139.68823090304485,285.2078055823267,101535.49373659157,9.693921990840765,180
9.0,138.36794699333606,292.46793808041696,100889.81867875533,5.878029101066202,180
9.0,32.994757175261974,292.1411072948794,101712.41783068415,9.993524733806224,180
9.0,342.2721574180567,291.51122968181244,102581.77461231746,6.1862904658557465,180
9.0,58.0899798927032,297.2436430147054,101112.62461520772,7.83637071571379,180
9.0,345.00751780866386,285.9345450276069,101467.3983624793,6.29545005593192,180
9.0,297.3379171508912,283.61506058403165,101531.08433320215,5.697727212434055,180
9.0,325.44975239724016,300.89520015820915,100502.02699198975,6.534127424214326,180
9.0,114.14237648936262,299.06652457911866,101106.7493125864,5.21410030460958,180
9.0,220.16982325869853,298.9563357853313,100894.0457502688,7.629636384387764,180
9.0,354.4472556544448,293.36106742145955,101169.68624851023,6.97316617151915,180
9.0,220.88206795475415,287.19653656152633,101018.5303794882,8.325959926241062,180
9.0,290.96937303671467,286.215073170451,100789.36258167769,8.50639587583587,180
9.0,164.98306648060216,293.92941982089025,101204.75673442561,7.048722029808444,180
9.0,178.70810826715115,287.53391326576093,100692.33213573508,7.347073077164268,180
9.0,236.67670967946074,294.9971047895473,101116.08181093243,9.931751908319853,180
9.0,53.65307417830511,283.6452499178343,101249.05760132127,8.96800117570158,180
9.0,319.36403974796485,297.9715214792153,100972.6835163744,7.377509778765471,180
9.0,229.1683017736556,301.89671287923676,101077.0620857105,8.46125845030777,180
9.0,210.25031329481342,293.03535747016707,100739.08478442831,9.446719730767212,180
9.0,266.64734701232095,301.3234411423709,100846.94763275876,7.684136216262251,180
9.0,127.76348672910682,297.3979977571392,101238.6280787603,7.186825416515034,180
9.0,184.2915843066217,291.4637688057222,101761.04673443499,6.15743093841575,180
9.0,200.20288114682737,295.01523880009773,101434.59105204807,8.26431291512628,180
9.0,187.04409524749045,298.21509620552143,100862.02655426836,5.02861966734411,180
9.0,330.9993947165273,285.71257820682314,101461.70406165087,7.072119221180845,180
9.0,314.63523262417795,288.6079871377596,101749.66305238714,8.435942768216245,180
9.0,220.94249751124954,285.99458474245444,100904.3391323976,8.36440362733024,180
9.0,343.78587369967323,294.4112432526822,101254.14390260351,7.0548476257903445,180
9.0,81.80517689942837,288.62456307258543,101629.71119095582,6.58272991643028,180
9.0,264.37450971590226,291.696438080469,101111.47185043924,9.640252661514834,180
9.0,286.7347289489704,296.29749982044046,102167.00590025289,9.55803916563272,180
9.0,93.08835502182522,298.44618040923024,100717.10083041231,7.159432419189144,180
9.0,211.6021493884245,291.4134281015069,101287.07380970077,5.931372885789045,180
9.0,130.26625861428727,290.27531055773665,101034.23455966792,7.477529481068414,180
9.0,297.57453426989514,293.40182147801784,101064.19176603181,7.860426687291759,180
9.0,113.38985784900946,284.478096563213,101560.7435976388,9.046121966071693,180
9.0,258.7668521183027,291.44611646106745,100731.96902298283,5.363284911636035,180
9.0,138.43359097368545,297.5685988052307,101121.96157780245,5.158071602907719,180
9.0,172.13002856763683,292.25477485537596,101439.10613977253,9.259096632803505,180
9.0,164.91815631855496,289.1794561389861,102522.13393585356,8.944632240569371,180
9.0,147.33301621296096,295.97704970032896,101907.64416934203,5.00610475961321,180
9.0,322.26284163079146,298.2674987213433,101226.14079643472,6.048549762016735,180
9.0,175.35204018465072,283.52702388900036,101770.24353255676,8.555877410884026,180
9.0,324.38362350839606,294.44254115541514,101675.49791233407,6.028620948551489,180
9.0,315.43263599577983,298.7200117486182,101300.27049578092,5.682966893204481,180
9.0,33.820483972457765,286.0385026409889,101123.07233831822,8.005652001740362,180
9.0,239.92171656996936,294.1741656169539,101453.64533322454,6.724812863588329,180
9.0,269.01933161281255,294.37896941241473,101089.3242890278,9.398260456311947,180
9.0,326.2377912672319,292.32082506976786,101603.47865078351,9.336250234118655,180
9.0,39.84495624744718,301.30487369301176,101174.0746967992,6.212579879525752,180
9.0,53.64112997007148,284.01928417729704,101773.9503839519,6.7014144427384075,180
9.0,343.9607101124666,286.3302392074074,100902.1202721074,6.834370961257311,180
9.0,184.36433301531562,298.10473171243143,100930.8991911186,6.423874174601159,180
9.0,37.74185129734954,296.97467000492884,101140.52983940905,5.091811152303305,180
9.0,66.7861632467157,285.1941645822855,101203.06171054207,5.274147077744638,180
9.0,153.56610893233167,293.8701267186865,101543.07081753502,8.95919772939286,180
9.0,142.02881947315873,283.1538080399181,101143.78451018792,6.330657156080609,180
9.0,149.21754246005497,296.315038774467,100613.9315673804,5.106056022393936,180
9.0,164.1350040488079,286.8595131592843,101623.36020256011,7.92917720757689,180
9.0,255.166382369751,289.65829690995656,101915.22979305247,8.344841195418127,180
9.0,288.0916762358038,286.0994792950868,101652.94531039093,8.514026774640094,180
9.0,328.06051150319826,298.70445726925607,100536.02388609997,7.121284929187136,180
9.0,25.402717392714898,291.39123430154604,101710.41768195308,9.734042607693514,180
9.0,55.02509011891526,289.63991549567334,100941.03847880138,7.49546347693773,180
9.0,246.64525690103167,301.05632544962754,101417.82999273934,8.173334448651216,180
9.0,35.78036708551493,295.34235432937425,101743.73663696901,8.6029906618057,180
9.0,79.46097254783228,293.405604636081,101570.51494615205,6.229948057609432,180
9.0,117.15510194928794,287.20366303361004,101201.10707747379,9.07393927852545,180
9.0,204.54441078295997,293.4044463398517,101546.82486314402,7.809862010087462,180
9.0,7.13364471102905,300.9810470944673,102243.26988777584,7.171351128724966,180
9.0,348.52336661409845,298.7229196860053,101724.06590191199,8.252341145724698,180
9.0,33.95750612661453,291.5028846775307,101237.5055884933,6.704391351220901,180
9.0,189.16875359026267,283.84745487551265,101324.17065711023,6.8819064055788415,180
9.0,211.28725632267643,295.9986697732686,99657.89140256672,7.207506558598091,180
9.0,347.0262782872796,287.10054233848984,100723.08722734974,7.3896780071904,180
9.0,312.52061570932705,299.20480557792877,101087.95512241403,7.9950251000787445,180
9.0,310.9482343836063,283.48877168838277,101121.6002752263,7.705440350316469,180
9.0,320.125715186621,290.0306209107874,101131.30379638897,8.481687658102437,180
9.0,200.35347569886767,296.2954950870581,100995.33743259634,9.955147345924658,180
9.0,101.24125518784432,295.7220578354973,100579.4919702571,7.674885615630192,180
9.0,155.7697981011974,287.76958442808467,101510.91689186862,6.042338665976674,180
9.0,286.7490356379675,292.85516513277526,101569.24159270966,9.98267498521361,180
9.0,260.5106728122773,283.23650051213554,101939.99959624802,8.863384967990154,180
9.0,347.1290117493102,301.9072134010362,101062.46282230077,8.48213597451872,180
9.0,249.11121843535568,285.6245482638947,102132.16381752117,9.741447665499596,180
9.0,229.3660438870924,284.0324002858002,101974.84710460648,6.076791421655746,180
9.0,195.68895427650347,290.6007922826852,101937.31679706991,8.326553676305645,180
9.0,76.12204614459267,297.0958976852326,99966.94920354533,7.242579064158372,180
9.0,245.7980399330356,288.5186185872254,101545.00403475955,7.279077897117668,180
9.0,181.89082896336046,284.2681331152686,101112.94566787302,9.316251424717798,180
9.0,92.83750373000703,298.73069424197394,101278.35066531728,8.820529296242787,180
9.0,72.56605314112515,284.0145800359521,102673.60899168724,6.204076514231045,180
9.0,80.00338616610175,292.0886902845788,101549.78512283988,5.590946790463655,180
9.0,16.652415609865542,299.31312058867877,101805.78578128763,9.319815893291526,180
9.0,149.2561564182504,285.32984896552506,101726.52046494544,9.557568781471483,180
9.0,163.15193126386447,292.31815074451504,101271.73812568546,7.0335537068007,180
9.0,149.38596327079924,283.9708824822237,100980.07586908553,6.680500281925093,180
9.0,230.58845716584653,283.8812305722685,101959.03214399623,8.392082561225253,180
9.0,254.90731487261735,301.89090498560876,101646.79368927648,9.319107862277265,180
9.0,56.57598757704787,290.51882171317544,101097.24766920856,8.711498847853656,180
9.0,160.79573845936463,287.29913735730395,101212.83383172876,6.617089899383425,180
9.0,232.74071591808772,287.74447857035284,100457.34271341516,8.816161862227174,180
9.0,246.0754555134446,287.6883225309965,101409.72726705174,9.986681911622757,180
9.0,318.45830517200164,293.19694154868284,101424.55446650367,8.586627009544378,180
9.0,164.93612532790092,292.1852405424067,101756.55698228772,8.325572547619702,180
9.0,240.69359667503815,296.6227773962832,100814.06279195438,5.171794109694262,180
9.0,160.891868424068,301.57222947406296,100694.62692743227,7.378751380780262,180
9.0,318.9612546524767,296.0212661634599,101371.8585392695,8.251586973879458,180
9.0,152.4844227928618,295.6999119672171,101690.31114648523,9.446447516164602,180
9.0,26.181060895091505,296.44413722797674,101145.73153811984,9.684957148466957,180
9.0,206.63599385004608,297.11328561871824,101395.17424018779,6.300343150789791,180
9.0,87.87888696659114,294.661646380103,100614.97407351037,8.667186325841438,180
9.0,337.86487152905454,284.7713106263483,100788.80910616364,5.269191877984129,180
9.0,126.23078301688751,286.03595477269783,101755.94569892938,8.844630262477274,180
9.0,89.52096332356821,301.26565785649694,101323.10239736814,7.645065063274491,180
9.0,324.9236241301051,288.85752865977275,101371.5273963038,8.250333454043279,180
9.0,94.31516791296846,288.26187874677635,101869.21683360205,5.641392142613714,180
9.0,178.44502645403517,287.8650512059034,100948.80878247679,9.765564393002137,180
9.0,211.78321567964804,284.52720978004504,100806.66830843022,8.789116474667184,180
9.0,180.4532162195745,300.00694681507963,101376.88644365607,5.07741945990182,180
9.0,325.08257670358626,293.71693630613316,101375.90782972226,9.008912442824583,180
9.0,218.80686045009028,288.9844028932116,101479.34777900192,6.305563239181627,180
9.0,167.94845939884016,295.7511971562138,101112.10912709868,6.251597677062063,180
9.0,72.97519682491426,284.19536070065516,100658.98261250152,7.062052282559127,180
9.0,100.95703010448362,292.7848266765284,101560.64344917894,6.436504140529273,180
9.0,227.86679828359843,294.03623694371214,100946.98759954184,7.545772644015846,180
9.0,208.52333455192934,293.4055899768684,101141.289351166,5.349640082532204,180
9.0,46.089596900027985,298.14448358052204,102036.70866658847,6.210983435880526,180
9.0,58.355427540236896,298.19575372401044,101380.03303459608,8.81806877535924,180
9.0,319.0672938632168,293.8780467253276,101335.57695242675,8.779278268436235,180
9.0,85.8271441441656,296.7468581551312,101301.14159117494,9.87314098803125,180
9.0,291.41097301338664,300.0074282172876,101568.95377879003,6.295341998329648,180
9.0,206.24971124644304,295.6536635935125,99978.79917395991,9.642093743379863,180
9.0,345.17081699739396,285.9422696082914,100551.78293885825,5.402806102060515,180
9.0,77.07182739058555,297.3518049915236,101290.77575152072,6.662649666775668,180
9.0,263.5654756369408,299.0688337431122,100932.73700158311,5.08840857868751,180
9.0,136.53465080270587,296.62178817610135,101296.87960109615,9.808592605715152,180
9.0,262.23551172971094,291.0373983391829,101353.60893244488,6.887509526262248,180
9.0,357.0502223962324,285.5081889756058,101858.01221093429,8.308351260853522,180
9.0,202.21694033769737,283.0663636876352,100788.50251021993,5.3396855520056805,180
9.0,293.2082202899667,283.27721640044626,101286.03507228609,7.8514236297823095,180
9.0,304.28231352412394,285.0959367688544,102076.4472806919,7.011890843576794,180
9.0,65.85418170700929,292.10114487562146,100512.69677855507,6.519867039506009,180
9.0,190.57276625341942,287.3361483432855,100238.85282420015,9.973069210337735,180
9.0,38.52715104843572,292.54828763079615,101936.96191737308,5.020914240799339,180
9.0,37.260676159065355,283.66949391753326,101680.47808644245,5.780717522859687,180
9.0,46.64997539341725,301.823096064649,100684.68325432672,6.5647769624442525,180
9.0,146.74062852606437,290.70220307520003,101881.62832410395,8.970875593785586,180
9.0,345.5356558697025,290.1049303731429,100808.3238385831,7.067615405269398,180
9.0,289.4448398239928,287.5439741328897,101140.56995089605,8.062259899248144,180
9.0,150.3679262054621,287.4791313152421,101214.85681790757,9.101662690627926,180
9.0,133.13651482836855,295.35838110435793,100777.68359518649,5.219739221386478,180
9.0,354.75344421117256,301.6790716348291,101143.7116796967,5.1022070243600695,180
9.0,258.4876633927028,286.4498358651909,101066.37628099875,8.281544222269602,180
9.0,321.095817581179,300.930233742953,101994.0341774175,6.348945120627244,180
9.0,208.26565898498694,288.3367492180155,101238.90711019741,5.146500268123763,180
9.0,90.03321685119154,283.34110041355115,101495.03268910176,6.545681755247182,180
9.0,156.05772761633048,289.037406209189,101380.21855983113,8.058238974125835,180
9.0,157.86714369384617,283.1554755093059,101540.52692507811,6.3262645971743865,180
9.0,324.90228207899906,295.1871571560532,100148.40366953738,8.549572395767328,180
9.0,235.45246301741267,298.02358725941366,101128.73887666527,5.478104700440464,180
9.0,51.681108461759536,294.64144090358116,100819.75662089717,5.826267778618766,180
9.0,30.976963708627792,292.84526252249253,101507.12397644133,7.4315655806109495,180
9.0,132.35699118519335,290.3312967035566,100358.45307074905,8.559854426961913,180
9.0,153.53626340390954,289.74444992929557,101300.17827673935,7.545802794018089,180
9.0,190.37793026197406,286.59221140961046,100392.00415049092,8.479062301056183,180
9.0,154.69868645403417,289.3422837814175,100451.3579011459,8.344063744096449,180
9.0,94.237998682648,298.7034629030488,100635.09626266484,9.691932820640282,180
9.0,187.3366851165397,297.40310173502434,101551.16666524643,8.962383967535391,180
9.0,247.42440188201334,292.6439432545739,101153.87445363948,8.32348453108488,180
9.0,275.3669169314208,283.4679104282225,101981.42440258093,7.446586062926714,180
9.0,2.72003152287962,294.90881678801617,101611.14092522391,6.262543604893274,180
9.0,257.0018786712103,283.5701524656816,101623.05589028573,8.11605689709672,180
9.0,109.63571431377602,298.6345626529514,101457.6301288794,8.685524300521084,180
9.0,264.6806499807424,295.9346572097887,102221.05298202335,7.030770880144621,180
9.0,15.888202938585865,283.0646380296008,101527.50105774336,9.494852513541586,180
9.0,216.9654377024532,301.8497370875411,101925.12847198697,6.855587493240217,180
9.0,152.42283837594613,300.31987891931425,101057.47484304296,6.134562661013206,180
9.0,81.65888966439658,285.3698828629324,100818.54101417027,7.40389448374151,180
9.0,51.77676003588853,289.7597827676718,101729.9685585002,8.760962435851608,180
9.0,326.64013588656223,295.1908911905062,101412.16275741905,5.8711485305407365,180
9.0,242.37677630160772,292.03581674337016,101640.70733455497,8.57175144302499,180
9.0,214.81710032407275,298.8207587110514,101112.79182732088,9.664787388229467,180
9.0,105.85115351353964,298.61659412290396,101373.64612901426,9.207448012196828,180
9.0,82.15458520467492,283.66386518097397,101246.91397425992,8.678300680396863,180
9.0,46.08194407668827,287.81197840845704,100744.4429975397,6.689710274294019,180
9.0,28.652878472254155,300.84235786919186,101398.7690257683,8.49343497968856,180
9.0,139.2659981900719,299.21651766543357,100802.17727687182,9.549953271444876,180
9.0,351.29869747113366,298.82511591051036,101213.80190005302,6.964878586788515,180
9.0,121.56331324486123,290.17848234991266,101591.78957430854,6.325856497344188,180
9.0,297.6706049949837,293.8376992594546,101123.4691421818,8.076749401314672,180
9.0,249.58053838787387,288.0062120397372,101157.20022230849,6.602824878979872,180
9.0,123.9059486678656,283.0803433450424,101407.98972839843,7.15166293178429,180
9.0,252.3854481267634,284.87543209213254,100927.30210891117,6.509035822791905,180
9.0,142.77180456362842,290.5611390951925,100918.15556396368,9.144961845511126,180
9.0,256.35790610112633,291.9971966322646,101070.00666779465,5.265620629041959,180
9.0,212.60230303019924,298.6779685538311,101175.77733973024,7.177570891092808,180
9.0,155.73656033836923,290.9403167439608,101299.14462844393,7.234453902637185,180
9.0,333.5545743635562,295.3387830380662,101961.7268681224,9.656149183410713,180
9.0,296.9494474079971,289.09170265864793,101631.08486344319,7.373784794186815,180
9.0,7.794051375822577,294.1084279694832,101526.54242792631,9.92607742956677,180
9.0,206.65084115064275,296.4440954048253,101513.52035677768,5.483866778178261,180
9.0,31.147454136015607,295.0609826631821,101172.96118313672,5.28491808364539,180
9.0,25.955162803647337,285.51484311170617,102551.75022298869,8.466890036082088,180
9.0,243.00440106194705,296.63334077328216,101014.91206412621,8.984111711257292,180
9.0,315.43293219622683,300.1073279378109,101435.3498197296,9.49866588141044,180
9.0,342.82162074367295,297.3262867141644,101338.89098346634,8.75128554675265,180
9.0,206.47041663956105,285.96029986233737,101036.80547356175,6.267740102129432,180
9.0,60.374073796457346,301.0475487898262,101263.89369355029,6.600008356442286,180
9.0,10.063775552046481,293.6172455843369,101177.7802037672,6.528661841310411,180
9.0,293.5540489557608,299.5209647595837,101948.09487479148,6.263457368494954,180
9.0,346.0867669055966,294.8678759589094,101046.53908537142,8.19630270825261,180
9.0,22.200446497888016,294.4813486714539,101204.89847510187,9.44592786927059,180
9.0,195.54425917641535,290.78488396550074,100829.21626911381,8.664605506936677,180
9.0,83.52443740715196,298.660919447098,101206.71312583653,8.938286985496912,180
9.0,173.42858032798853,301.45374781570786,101950.43181634964,5.78852613351515,180
9.0,355.19662629985567,294.55316822261597,100931.50479424826,5.209055424136009,180
9.0,94.55881439070347,288.608468179798,101189.72998128878,9.523013785785396,180
9.0,324.8630094072569,296.9947564794101,101013.74253212867,8.731087816926737,180
9.0,105.95407442726714,289.37030484123363,101111.66828037673,7.06343834580111,180
9.0,119.60088780924599,283.2906282647777,100201.42772336016,5.5079777599379485,180
9.0,120.86793240902178,290.12166528373814,101270.55024954752,8.294249933563993,180
9.0,189.20243266467085,288.35299800555555,101431.08151280733,8.565730632787911,180
9.0,94.25512534676906,290.64750461198946,101487.46100762706,8.081497104146564,180
9.0,186.51920460846472,289.1065806137641,101363.1428988766,8.018446564691748,180
9.0,173.29437110676608,286.8802805535423,101598.49295335438,5.340430830194648,180
9.0,53.80025718913832,292.11933547293864,100809.67023608876,8.647222283961792,180
9.0,321.95160631819437,292.62302763259106,101543.2187564708,6.329565981910879,180
9.0,82.72882755698251,299.19345232129814,101645.86369529749,8.51584429060569,180
9.0,155.83874226598797,297.4965611502612,100499.20489073121,7.739924809297535,180
9.0,169.57402134213126,290.66416580022405,100830.5202595694,7.779839701269717,180
9.0,39.30921817539384,286.9955331192254,101050.05471278468,7.039325868444361,180
9.0,152.53577653063968,299.1241331535742,101248.20919374475,5.1534569444729526,180
9.0,355.5647169358277,286.939776545147,100592.13340123986,7.808073291658556,180
9.0,188.4060902715073,291.0350041950458,102153.20249945507,7.615628784920519,180
9.0,189.5949025925841,300.577740819245,101215.15496025301,5.149291195661977,180
9.0,26.118959672796592,297.178945438033,101824.89285167871,5.5180250904390595,180
9.0,25.608329432788825,283.15687033280926,101739.19681884564,6.9744863191335025,180
9.0,231.87232304752635,296.09854716754677,100924.57808973872,8.38784036590981,180
9.0,316.10683199250025,299.01245845507424,101661.18760516861,5.656279168860243,180
9.0,344.2180243285141,290.60026223616495,101615.57521679121,7.261270754705394,180
9.0,44.81509770673397,284.80739948888623,101499.84358165083,6.776648484738118,180
9.0,51.23158175918192,297.23829500856715,101809.84312669314,6.662409825242913,180
9.0,42.166660265208726,290.5605295336887,100642.85936544464,6.902222132150124,180
9.0,233.684921544295,283.30642747592725,100756.1044075267,6.558295197506923,180
9.0,200.95162761236045,297.70443586843135,101333.55467365512,8.693385138666457,180
9.0,265.222488090566,293.8325164788765,101548.2737743123,6.039313124532486,180
9.0,81.69275903486309,293.2936605187727,102106.73005144131,6.966659591081727,180
9.0,222.45326909951183,298.1780483660211,101449.36510793437,6.206348161991326,180
9.0,114.52604507569606,301.517161912085,100882.01642980972,6.851504322082899,180
9.0,86.78568042517472,299.1955887673911,101286.11860593506,7.561514584801351,180
9.0,321.1270684007731,283.4116986268103,101130.89226602981,8.174679510025827,180
9.0,173.43848779734006,300.3253957022502,101502.47857171774,8.482841042825184,180
9.0,140.4731970073364,294.64265665759234,101581.24436277075,7.771343120193453,180
9.0,327.80666731950384,298.05007382084744,102020.08629565271,7.648839253421374,180
9.0,18.650730538318715,298.7826028797733,101547.38396278051,8.382108188968488,180
9.0,233.12945831355833,298.8875154432288,100771.57458632605,5.52185707986305,180
9.0,253.0504305446936,283.1100786068888,100671.50003188057,7.74113910160705,180
9.0,287.1573768409471,300.3723246300221,101538.81500563853,5.8237417244333995,180
9.0,238.70486591978712,289.61196767256394,101306.74985357205,8.612770841154864,180
9.0,94.2867091442912,289.7258248789625,101383.61231316405,9.515944798499095,180
9.0,156.60803145232333,299.0922692527571,101380.89288351886,7.317847619425663,180
9.0,226.702283721123,292.0218579333731,101810.12125228236,7.18448221772927,180
9.0,168.80917242186058,292.5696885829753,100395.09171877668,5.607203898508952,180
9.0,183.7936972497637,285.90960312864655,101873.17778937145,9.996302935063252,180
9.0,296.4888370262403,292.4972669458727,101008.77650959251,6.178818736482388,180
9.0,120.5222427124961,289.3187715871246,101426.70578281069,9.480292021730902,180
9.0,112.81537804494714,286.080505948117,101126.49426953439,9.93607686808631,180
9.0,353.3264658749433,289.60004849474996,101278.90512200264,7.664978088767246,180
9.0,174.10463611212924,298.2973877387964,101649.84846928692,9.721520461505675,180
9.0,30.477093915631972,297.5055489000437,100987.89357868786,6.969733013105209,180
9.0,257.9821668167244,299.045584969879,101338.74366403322,8.044281172631354,180
9.0,29.858652101917507,299.87616394169,101722.92392211639,5.0090892745312265,180
9.0,357.246046490984,290.27004266773355,101920.3380647971,8.261935758971346,180
9.0,55.92490252243293,284.4454008895707,100820.58434507514,6.495736107165808,180
9.0,295.11118129522083,286.80954231420225,101345.94178553828,9.019628826154015,180
9.0,129.27281554524126,301.57285092332535,100655.55810852845,5.920487016463492,180
9.0,156.11802280838756,290.06927664958397,100621.63384538953,8.668909003366938,180
9.0,257.34472074431864,287.2515755308804,101976.16548539704,9.17548910859512,180
9.0,317.36728810875684,291.84834994196757,101978.77120918868,6.3783098252907005,180
9.0,79.97253751890104,287.44977076277746,100984.14163503957,7.653333573434631,180
9.0,49.48356555542996,291.7089619759333,102425.02813894658,6.689174906068084,180
9.0,107.70661656200139,296.606728148571,101793.13612537294,6.537238385521815,180
9.0,77.643854269499,283.1195224479401,101775.13138483987,5.980029292746196,180
9.0,244.88857184579658,295.9799499868804,100681.51148778688,5.2488214921871,180
9.0,203.3106357206163,301.9466749006218,100963.86971459417,8.15934203119649,180
9.0,348.49304777092175,291.19348911084444,101364.72250278917,7.740273529822545,180
9.0,138.64283012944955,293.3928800757387,101342.60825796548,8.077603245664674,180
9.0,64.48862984307702,289.65281523651515,101891.75051239353,7.817245152796533,180
9.0,189.84424900412102,292.08357058896416,101293.37638946564,6.872893959264203,180
9.0,4.39530362284696,285.3814042039302,101163.8270620469,8.056427656922335,180
9.0,170.6847456612553,285.7055436735391,101283.19989317106,6.2007689306928295,180
9.0,39.774909773954306,299.9465646804598,101533.14406789593,6.772922182271754,180
9.0,88.73202397838412,292.60255049046475,101330.30135866931,7.164051649136897,180
9.0,229.9848767107958,298.25700752616854,101470.33888642596,9.531110680984074,180
9.0,120.96548483679749,293.7030551113411,101327.23219278104,6.084450645881012,180
9.0,161.16137709732345,296.4708040107037,101729.65862707756,6.65397432792262,180
9.0,353.9961677232667,293.5844091716987,101524.47257775729,9.60811491072551,180
9.0,242.96921833316887,296.29186111354375,101224.22092859125,8.141600096700689,180
9.0,262.12963581066543,292.1746533838851,101367.62113077883,5.953739534032338,180
9.0,214.66661516015358,287.5020979961537,101525.1362321126,9.766353441321385,180
9.0,196.75833793251763,297.08178704177254,101833.28677073773,9.19383187622302,180
9.0,58.29197329118471,296.21031952174826,100878.54419921059,7.653443510934788,180
9.0,356.3004642977452,291.9218816783958,100405.06799117902,7.5772388160753374,180
9.0,90.0601155261783,289.34595902282274,100576.09270327332,8.760692823198639,180
9.0,245.50540646280518,285.1933423762554,100925.82389727254,9.486144027533824,180
9.0,257.7300948511641,283.841634177579,101210.82030795184,9.03629774172438,180
9.0,339.4821589932165,298.70950757078856,101884.21520065672,7.984944022429812,180
9.0,180.50359468962876,285.30679549942687,101658.45977854735,5.925332531510763,180
9.0,100.9998405711661,292.2453271554435,101087.97521873975,9.618666280310684,180
9.0,83.5602813837169,288.5648134371667,101566.91922325964,6.894668668234315,180
9.0,232.03059091158644,285.56462563130725,101300.07261176928,6.861231215398638,180
9.0,131.27047956959794,290.79505055378655,101158.02206783491,6.183975024634871,180
9.0,70.58295428558205,295.86053302163396,102061.95947181052,8.607507847716057,180
9.0,232.4234945824533,289.9150950303173,100722.47984104275,6.823279887738467,180
9.0,311.0548257333835,286.84825298282453,101352.50099147922,9.369804249856648,180
9.0,253.50470122516685,288.451905306537,101237.15868086174,8.501933795439841,180
9.0,73.38764682171714,296.32001557561347,101226.84327220173,7.089645057397967,180
9.0,333.28455617208795,300.3585931866387,101479.65020735595,8.445040391339157,180
9.0,268.7599030208269,291.07034709904974,101676.17326223497,9.080447949405414,180
9.0,96.46779153457061,298.35956805062693,100541.77501917895,5.385498589238027,180
9.0,121.63545310034958,288.5745193860825,101243.79103991171,6.994784047885093,180
9.0,183.99637954942924,285.772513527368,101165.40047003953,6.542677599047948,180
9.0,338.93928293765526,292.15909699669754,101529.36545287854,8.740819678650734,180
9.0,241.3849845696966,290.0310622321227,101458.74971380357,6.568192910303018,180
9.0,177.96402689142414,294.39195850102004,101586.7434617728,8.56357031619662,180
9.0,170.32611767319537,294.96362687173087,101745.47742751589,8.068024047790834,180
9.0,36.76067279316359,284.5034894526637,101914.92257163652,8.747038640853567,180
9.0,40.412314230345345,298.746025035772,101778.44359630554,8.909182405631814,180
9.0,226.6109311068152,283.48031202818896,101475.69983499394,5.069391065927165,180
9.0,78.24800488123344,297.55860526222546,101185.66224788812,6.761149974602155,180
9.0,249.82416954846613,285.3123977502382,101284.32898972963,7.948976372120631,180
9.0,332.0469246138863,296.2877505712238,99982.65075623707,8.127942799089185,180
9.0,243.66120667721125,294.89613456919017,101361.27841112588,5.469990071322332,180
9.0,95.65194559692425,297.9663530097183,100476.67407213815,9.394476995179469,180
9.0,47.364125679640715,300.8831551768504,100967.83799710893,5.7012317493126945,180
9.0,242.2357103429962,301.65196626270586,101076.92206523783,7.462654081133803,180
9.0,228.5674923933319,294.3546916000819,102509.00661096732,7.740475660257814,180
9.0,293.87113820417926,294.4556437492805,102062.95589125469,6.114673082507512,180
9.0,0.13467431505467253,291.27006320911033,100517.94088190512,9.446989962079178,180
9.0,179.06744565644982,292.5365582202482,101706.59204701924,6.531364162988675,180
9.0,326.7829470186711,284.8514694376131,100861.39738316859,8.0105869484555,180
9.0,273.0254138588896,290.0855113257571,101346.17855967542,8.860049025297661,180
9.0,306.2009166787257,291.24817602483597,100735.47294750657,9.927801189645255,180
9.0,39.967237364686426,301.57373143201204,101505.10823404409,9.200391111289427,180
9.0,148.26938407458925,301.267392718954,101397.79335241643,9.018137122360415,180
9.0,167.92422299520248,290.90561077311907,101177.44690841807,5.966179086127453,180
9.0,61.43271784811213,298.55113328954036,101209.83362669616,5.897380128401808,180
9.0,183.84447267215134,284.01161169147906,101822.57318424017,7.744179309862271,180
9.0,307.93602906332313,293.7227526821841,101229.20426754619,5.878462144394599,180
9.0,83.08107431767537,289.5082237024052,101708.89589798814,9.581747571859452,180
9.0,64.38882750567754,288.800863878911,101309.0393399173,8.837914261361853,180
9.0,38.966854631128626,285.52539588695515,101435.02916659914,5.3309428234917275,180
9.0,183.85013125485554,292.40179466397075,101496.64502725395,7.690190057767849,180
9.0,240.50540951602204,289.61801050885765,100668.51759184484,9.690264874105534,180
9.0,5.5081780627889465,301.984038638094,101656.37343064614,9.76997014541675,180
9.0,181.6025546780417,301.09079482926495,102284.35591125363,7.098466930526003,180
9.0,155.22820366924265,290.2769028106045,101028.35917322458,5.675161265837663,180
9.0,180.8978518168197,298.9100089719643,102044.12894470851,9.2121402303739,180
9.0,238.56364002262725,289.4869426973626,101800.41019528727,5.7689095148506855,180
9.0,87.96569632211722,301.2078091726444,101503.04300388682,7.663659149180338,180
9.0,63.619966899313326,288.9927564831221,101658.15007882136,5.970362693109916,180
9.0,61.85293303839312,291.08581283816653,101149.97621645541,7.041633968704289,180
9.0,89.12801306785892,297.2007546049013,101399.24238365985,8.807840222674125,180
9.0,103.0129956119404,301.81095342588003,102136.28373734847,8.867831348690933,180
9.0,50.2494729389989,300.769721861099,101464.33705897401,7.165235955745267,180
9.0,112.46732845139711,285.8974794178287,101393.04065861495,7.071778625739614,180
9.0,62.69333159102133,287.49639032356777,101659.58708461151,7.828355790667743,180
9.0,123.3259077199202,294.6203895457907,100865.46499439924,8.069769440656602,180
9.0,55.434474872079946,296.0321284227207,100882.800962719,7.186353393707362,180
9.0,260.384579129266,295.41500846624854,101158.94062087798,7.036136910181829,180
9.0,125.92094479505099,301.9510603903465,101712.36847526826,7.76832202675154,180
9.0,260.40343158780695,283.2214019811704,100608.85818819782,6.5452747147871335,180
9.0,276.985445970612,290.6421156841888,101169.77765308635,8.824464737652123,180
9.0,311.6616108185459,289.9405641688701,101740.32204524396,7.120361971352709,180
9.0,74.71303867400668,283.09405031927906,100892.30202402847,6.120511168595487,180
9.0,94.98455873619399,300.70720411317865,101667.61011574196,5.457283456514906,180
9.0,76.9741708061407,290.1796380063246,101229.97828868176,9.020713658410884,180
9.0,71.76074161644047,288.636118058071,100990.77146652246,8.785750965929136,180
9.0,123.66444576849183,287.5084831730396,102565.71834282446,5.279958790233719,180
9.0,348.32598351425287,283.44563616316935,100671.00787001455,5.160106667703667,180
9.0,184.83883582121237,293.459522965226,101304.61667203056,7.330013355497474,180
9.0,218.73318076180368,285.49538938827214,101896.85576467043,7.170603743278447,180
9.0,192.05494371201368,299.14007069416243,101123.57169485855,7.856411000048191,180
9.0,148.25608959320041,285.30558398662845,101734.99860098452,7.263085199687574,180
9.0,170.74696264306212,301.6110990604984,101606.3179062966,7.768657754779401,180
9.0,322.6412450773378,295.17650946090475,101814.43073546498,6.820806042401195,180
9.0,311.99345113407054,283.3354602962367,101218.7901374456,8.638859592381616,180
9.0,292.37023427398555,298.70737019229455,101112.19140558178,7.7469812235193025,180
9.0,333.52101055578606,284.61523391107795,101653.24577765087,8.839882228801761,180
9.0,62.45290309234481,290.8912036143218,100856.89884528246,5.4346565067869275,180
9.0,355.7152088052341,283.2333937634625,101796.56904976149,8.279367890830848,180
9.0,190.45406576978357,286.41909845979285,100564.76906519063,7.1835479594379335,180
9.0,317.9071942866921,296.9127638366643,101506.34181371446,5.357732951290784,180
9.0,199.1906563710373,291.0159066823817,100748.92243839974,5.575602001521818,180
9.0,273.43669709153085,284.06178571908566,100666.8683636238,6.588654004636712,180
9.0,268.54465605449695,301.84865158829075,101686.69945536031,7.66051664250252,180
9.0,248.19224735049983,290.4868536188021,101445.58027697112,8.341835408667698,180
9.0,41.8733487802983,289.6861616318795,100494.31849143236,9.878362395534555,180
9.0,90.79151481933766,286.0883740686497,101299.01139307878,9.524821710612773,180
9.0,98.81088690108857,285.8098196428444,101671.92002903625,5.233800278466058,180
9.0,341.96568009978853,284.02828178065283,100739.5114889672,8.442985859626114,180
9.0,40.43799331545833,295.1811445088499,101560.7696753879,7.541130464284661,180
9.0,100.81302423145301,298.8989444794649,101153.31675594753,7.897474201515731,180
9.0,338.05822661607414,301.03681679305083,101424.7285203076,5.641544719615907,180
9.0,88.8876499604359,289.1940183402849,101250.02426650035,8.240961049032235,180
9.0,222.338209367709,283.5218048303431,100630.64525035695,6.865572642060368,180
9.0,26.36421326697869,287.9141868284041,101570.83651087785,6.3974178039023615,180
9.0,229.5615707171027,288.0898699127245,101360.91487826525,9.633242865351864,180
9.0,236.57780321189753,299.83048092462013,100654.71991866115,9.14687940846336,180
9.0,318.65169179320964,293.2943891620936,101514.37434790688,9.539449023333422,180
9.0,36.561075623684985,294.0883405966126,100866.37996567476,8.48557706179797,180
9.0,36.546650173739216,283.8875420948432,101378.00170109332,7.783457475159632,180
9.0,256.07795480769516,288.9366144766466,101080.33363993901,7.6713552434176515,180
9.0,280.3136871263126,299.0276563922141,101041.48902067392,8.012043049942106,180
9.0,359.50883389482715,283.930004588467,101505.31027186586,7.349069277756488,180
9.0,325.4266973483332,297.8830930310951,101479.6086489422,6.7894034476361815,180
9.0,182.67470166032493,295.7553914750443,99952.86803869161,9.547950073177596,180
9.0,339.0104587483489,285.84781959606744,100537.11870987635,6.310497578123949,180
9.0,152.26006205142446,290.0632488459223,101774.33084621126,6.529061319344305,180
9.0,30.98276000134011,288.20893131129384,100681.43818620274,6.9755423178120735,180
9.0,210.89253721189138,286.8701131843909,102099.4467361837,9.241154215022917,180
9.0,143.9543499310609,294.00046416892417,100676.85287798513,5.323683784606498,180
9.0,19.95883612927555,300.6618797588591,102060.30132458263,9.227914094443989,180
9.0,222.31671866227646,286.35426571838684,101096.67691214944,7.505722222611883,180
9.0,79.2077995804907,284.9761980893818,101043.85600757669,9.253938343733779,180
9.0,145.64616961820872,301.3854612552211,101396.43911003433,9.354890957922406,180
9.0,237.17718866746077,299.1077825404921,101889.93175241734,6.302471349518447,180
9.0,36.4298539068645,298.46386776493074,100926.25858166021,7.810563928263926,180
9.0,346.14960019498034,301.9971267290399,100846.11286736924,7.514804928636546,180
9.0,337.41046765900313,285.9295916915885,101168.64013044356,9.751690822672286,180
9.0,143.5497122472012,285.5863978934599,100715.14658121801,8.498478311068604,180
9.0,6.107867800589868,291.54388003482126,101559.77202574605,8.569998735294192,180
9.0,187.5421973991205,294.50087476153556,101654.17506064137,8.60405777401435,180
9.0,126.9504044122099,289.62434286214926,101243.09184142428,5.455428542506586,180
9.0,346.2519931957813,287.3059044158823,101139.56263022397,8.564398053011171,180
9.0,60.64103906038923,298.4525267200603,101356.39797214282,9.494530719382585,180
9.0,199.2462610054019,283.34845067497855,101325.27074034797,7.62177592454972,180
9.0,168.79109737423343,294.8143172729455,100918.3266744776,7.86035703249077,180
9.0,18.234886184641738,291.1572109156583,101066.8314405037,9.9492260280201,180
9.0,8.400776085212009,293.5157782268646,101795.01099987156,8.716117665775123,180
9.0,328.58339921228054,292.2611077006499,100968.15507612875,7.459631522999331,180
9.0,264.78342694255065,287.30889508383115,101759.09152504746,6.37948064301732,180
9.0,220.705295333847,297.5293361341123,101989.71967998576,7.80037449246418,180
9.0,121.22683210317629,299.0832757948402,101379.91888434722,8.02275443859115,180
9.0,242.01209264863462,296.67796070368945,101128.39353354667,6.1429408884657875,180
9.0,55.07674629747796,294.18109406585546,101275.04423025611,9.45364003198447,180
9.0,287.85431560315175,285.8768213546087,101077.4034859346,9.433024973980835,180
9.0,122.25221265869767,285.67260541644174,101372.77409349526,6.9894150227649146,180
9.0,212.5042006702461,294.31004387614286,101803.56737863278,8.091659849788,180
9.0,106.68936442916714,289.9368204196588,100960.74516315882,5.097287814936625,180
9.0,189.57474802217658,288.57284286910567,100826.77321559972,8.922344361316025,180
9.0,219.20155858525416,296.5805548392531,101148.73205375102,6.843618829442245,180
9.0,163.3985133933575,292.7843969596356,101416.83724519273,8.418828479031589,180
9.0,192.11924743409014,294.6077623938872,101125.23295575958,6.704466814201174,180
9.0,241.20207755441703,296.0337737656325,100693.84683776468,5.978495606570879,180
9.0,199.8744987648299,288.12812962452193,101700.0473731193,9.282086442026543,180
9.0,324.4020008927177,286.34213138532135,100849.70497087523,8.930893080365982,180
9.0,310.0246122136819,287.94646332509353,101457.0161746522,5.796090533485794,180
9.0,80.05004180469004,289.3444443868531,101039.81710153392,8.446877364638206,180
9.0,165.2189204468416,297.15902626440754,102341.43056773768,7.766082264244543,180
9.0,124.65752750373812,297.12668724987657,101694.33202959989,5.242996833442385,180
9.0,3.771373744563742,294.14542330906175,101623.17037123116,7.11806637917539,180
9.0,111.03955384398198,294.41607066349445,100974.84925925701,8.997477280117188,180
9.0,352.8637247346074,293.99121910510394,101287.29721608957,6.395065248677103,180
9.0,261.73473274596574,285.4997826810934,101861.13208500814,5.295191173680949,180
9.0,303.00016529607353,291.06500050607843,101262.70641426444,8.209304012730437,180
9.0,97.36707475367271,284.49003571584785,101549.27041437972,8.718432749527778,180
9.0,213.28786810077915,283.87873255656217,101595.67761723188,5.7211227507575,180
9.0,112.62715986564132,293.5911495174095,101524.43723400621,7.501799261286488,180
9.0,200.2886855196096,294.9329457574433,101763.322934644,9.752060079154527,180
9.0,319.2206459530273,285.0257536560664,101656.35909033133,5.24978120378474,180
9.0,326.6276909194031,294.44332646235927,100833.14055387204,5.305326127063254,180
9.0,326.34076998103853,293.53675098584563,102076.69204335836,8.583175763317824,180
9.0,280.0051347856537,286.07414292809057,100873.80377057,6.738978927398259,180
9.0,167.69036682543572,297.0523837738556,101644.08136700554,7.303062066117504,180
9.0,5.738117433902983,291.74512580129107,101022.01879326072,9.866042187940304,180
9.0,177.05952036644916,296.95653136565915,101075.62023713203,7.67676388939792,180
9.0,23.590492510835062,292.8679760789436,101735.98055226317,7.001657331714713,180
9.0,99.0902087205084,301.91322278399554,101327.63571836572,8.202307560531452,180
9.0,194.56920428249452,294.26492136494016,101515.38847814073,8.983068424169838,180
9.0,84.6392502091074,289.2352978097933,102218.00946289055,6.7481866803438955,180
9.0,227.95180730820016,296.7493994755137,101119.70923041737,7.9715940160441185,180
9.0,185.6922178644108,296.4990402800091,101188.24312568955,7.35191386585871,180
9.0,171.54529703877378,291.13080901285446,101825.75328230645,6.793361581940775,180
9.0,53.834892640787324,300.46356833701503,102310.06792878313,8.426094978992966,180
9.0,186.461462904807,299.39722029459466,100802.36567837275,5.3708711785788505,180
9.0,113.73266195380393,288.1121612717883,101154.0655952124,8.559408175621709,180
9.0,205.67915782776737,288.48926137793205,101420.67778354751,7.501405885022958,180
9.0,225.974185199294,288.77305774059886,101972.39143752874,8.033381572769919,180
9.0,151.77623636996967,290.63943030079,100487.77821992952,8.004968763231712,180
9.0,57.29919906681383,285.952580263286,101578.28194286038,9.996884343874056,180
9.0,250.37939233861624,294.0167122105391,100775.59476315483,6.148922007201096,180
9.0,99.69838521397594,291.4204384041105,102059.43078655758,6.246648861061985,180
9.0,191.69329262791788,296.2699072618617,101272.76153676804,8.801723653195312,180
9.0,42.12843284293462,292.30473113669905,101056.99851209593,5.8576513377770505,180
9.0,174.93595982702485,292.53957138631534,100955.33784327227,6.87023382273041,180
9.0,88.38005672217746,294.76847390041655,100769.56053049128,8.964740346283834,180
9.0,179.39000967253986,289.02691412116235,101227.42843752049,8.77421663591681,180
9.0,317.5840828894875,287.1795064785075,100897.34094788041,5.333239670867341,180
9.0,10.095299418884993,297.240419951164,101561.26585184239,9.699935371365388,180
9.0,154.75055300202382,286.26462351005296,100548.07934766973,9.415152947028734,180
9.0,61.41177133372493,288.84943911597765,101242.34661239162,7.355919573640446,180
9.0,182.96708641957528,295.0408269977354,101699.10882213766,7.574151033342565,180
9.0,153.8384154001534,297.52588490964933,101298.84046508596,9.037389989444181,180
9.0,293.65898960534565,285.9288437320335,101300.8459444896,7.269820700710658,180
9.0,323.5252441568414,301.9850236780507,102237.70652432425,5.276882300235759,180
9.0,256.63227790773806,284.09123455940966,100695.60690044142,9.562787947230822,180
9.0,167.70458506516275,288.1639936465989,102157.75970911219,5.800087619618881,180
9.0,319.86927204990246,300.79856906752417,101599.91218399238,6.140709266868158,180
9.0,199.5275406939651,284.1586385051897,101266.72355085558,9.111756928617268,180
9.0,302.65910738393364,285.5451585714241,101061.25209448773,9.571525998409896,180
9.0,285.13858773705016,294.70474625260294,100889.82250092809,8.577765847255055,180
9.0,326.02388404292844,292.1328467628729,100899.35304715596,9.734390532809032,180
9.0,86.43177139006035,284.88096751434273,101176.84530758265,7.768584606839482,180
9.0,299.8031985687063,283.8098929637377,102018.16754084302,9.713549962047583,180
9.0,132.00428351646946,292.515294967336,101036.01438010231,6.019787498095931,180
9.0,162.57110286487674,288.1496565131895,101291.07668702853,6.600937042500355,180
9.0,18.960052147175368,283.4478183132035,101397.61015499073,5.507903851932787,180
9.0,126.90420599866664,297.02150775694633,101062.22263316764,7.491310026092016,180
9.0,301.0300468038613,284.8875713689967,101255.56697624728,7.569166471081551,180
9.0,156.4186188926179,290.34913077485106,102139.6065066531,9.739165561589537,180
9.0,327.2657608099457,285.50669320894207,100494.25577473568,5.839876484603056,180
9.0,16.148616147272076,292.1970925787518,101013.12041529857,8.464072213113221,180
9.0,184.93461337732873,286.18541390338424,101569.00608138563,6.344113515371459,180
9.0,208.84908306850446,295.5649697351712,101061.87415971402,6.131684302176926,180
9.0,35.505662802574975,294.8482501671425,101152.71547315599,9.234288569250102,180
9.0,301.68053493683783,289.6066282056132,101516.84734797588,8.540283758210853,180
9.0,236.4770128908234,287.3204884189916,100729.6866900698,7.8374268840405215,180
9.0,335.2634443405155,296.81205895438865,101352.1483823747,5.345797762737112,180
9.0,94.89359465992825,286.97673461770927,100579.46702170906,8.516435069493497,180
9.0,53.60525169016617,299.86322542892884,101414.71521321317,8.373846158058054,180
9.0,144.70756338124326,298.3094623124514,100772.0448411011,5.171750552048218,180
9.0,32.1933027048971,289.2072495121789,101586.29765276145,7.089724968734954,180
9.0,183.90364986520248,292.67682371961297,100200.59821453143,7.711161967563466,180
9.0,275.0130098163793,287.16225505327094,100732.58210339227,9.163947372363532,180
9.0,334.72321841980744,295.43592835869003,101265.59530280682,5.545010982411909,180
9.0,143.95356884380027,286.4995096370731,101492.55000400839,6.64582280286955,180
9.0,47.24566669922646,301.20732311679177,100845.70865384079,8.662699574100422,180
9.0,17.149134679568213,296.25798089242403,100392.57198795772,5.14758334075634,180
9.0,285.104094410331,285.4664904998935,101199.62537421154,5.338165017094613,180
9.0,284.221497934925,291.2948510953188,101564.36603291346,5.442069836829141,180
9.0,213.01899292005638,287.57355052956143,101176.14803120938,5.030103049435432,180
9.0,122.86775764737524,301.15904434799626,100998.87432449384,8.11044641185957,180
9.0,15.56221214329792,301.7534611500688,100919.2954852901,8.993318749397304,180
9.0,231.0550504241423,285.40920398726445,100658.89656292206,7.052509464504496,180
9.0,283.20886243194093,298.3237666318341,101968.91150873249,9.481912036836926,180
9.0,118.18195431713076,298.98219374596005,101157.75224784987,7.62405094692154,180
9.0,290.6500204134807,291.7215963997251,102099.21035288626,9.345748315362602,180
9.0,328.26165012384496,287.2450567205224,100944.55888659005,7.294616877240723,180
9.0,277.67458455732515,299.51273368623873,101560.79020567395,7.06722738462208,180
9.0,341.5278022416096,285.47508428328206,101803.44868240465,6.988820887500966,180
9.0,39.56479183810628,289.2904881561594,101874.17465063589,6.318805432005811,180
9.0,158.80477639145673,293.84123100211514,101545.64284158759,9.352032045539335,180
9.0,252.4688424890664,286.7091866737212,100725.87367842146,9.408611034129525,180
9.0,268.43386172099406,299.0918541754361,101725.03275099318,9.99890142124037,180
9.0,47.459338236770634,292.5521000500981,101120.21959342931,7.866738555947798,180
9.0,201.60456355119365,298.5136464702636,101353.41173585472,7.618356787254363,180
9.0,317.19100931329797,289.2284079818972,101299.67876779968,9.673040486566492,180
9.0,349.9516174819431,299.45047333464504,101497.03711956253,8.848461708189168,180
9.0,24.611167301670278,285.09643878148995,100575.40942576599,6.622863232709138,180
9.0,29.66702417747861,295.93307228527794,101274.80673770992,6.672901767517833,180
9.0,80.53148394396646,299.34203068611004,101853.8280693486,5.449219518613097,180
9.0,101.04736994917488,300.613189893419,101362.07520108935,5.3786735257947935,180
9.0,14.437354862711231,287.8869105277868,101620.62787349339,6.418839932234967,180
9.0,306.8614142093971,292.2166870412454,101709.49107055247,7.773267050483222,180
9.0,192.56177216436217,288.1572643768341,101437.0484945433,6.657312997197468,180
9.0,90.9184710758593,292.1867349668915,100594.67001423116,6.422275050574974,180
9.0,121.57271560779834,291.05075193627044,101333.78591586702,5.399617952173767,180
9.0,27.349401990892805,293.6322192685861,101528.07193618584,9.425546257628037,180
9.0,337.85429740534516,295.8449018592776,100824.83785568725,9.682818808560343,180
9.0,350.95037803190934,285.8913348390001,100959.24081481955,7.621155947913732,180
9.0,334.0618129454086,291.55215969423386,101943.09537359067,6.572216048683338,180
9.0,18.906619279611867,293.6213970488769,101386.21289265576,5.451306537030342,180
9.0,165.4365808504145,292.0337932340985,100115.59524050355,9.166361275520705,180
9.0,302.24119718204014,285.12737327750887,102629.6595062237,6.161357211380518,180
9.0,222.5977775556902,292.48854048816014,101113.74757452912,8.807131594804142,180
9.0,273.546992967484,298.24200266282674,101397.08181534403,8.625680212521784,180
9.0,6.13000986553458,296.55066954887934,102299.1128679483,9.89456594994115,180
9.0,237.07326570981468,293.6684371947387,100985.82680666065,6.152465617844884,180
9.0,97.04416227752124,288.24088148671797,101099.63830337698,8.137205823904399,180
9.0,206.39999160714925,301.7481081851114,100952.72389832366,9.305195837166357,180
9.0,251.85993349697358,291.5205209086831,101995.95019757484,8.302936068131462,180
9.0,338.3790724558391,287.04051881966495,102161.96762806238,6.222796676713667,180
9.0,356.8226725190223,299.5298730344016,101725.33129477996,8.897876457098002,180
9.0,31.162123161732247,292.1216598521817,101653.03988340631,6.463825307871472,180
9.0,168.5626631621879,286.46451860669714,101765.50809825546,7.476388676645938,180
9.0,68.76624160982269,284.10458956562,101611.21937145294,9.307158212149387,180
9.0,133.3621720274963,291.23576215338824,101238.47496275921,7.2932027410109574,180
9.0,281.4572654623104,297.668844970728,101681.83690447736,7.315510124658572,180
9.0,160.01134553239487,289.3303730522121,100408.62917570035,6.134989740124686,180
9.0,240.37709261142743,293.2396362458113,100826.06779940362,7.113369102597708,180
9.0,110.03041785337375,299.6252516314386,101472.96213497857,9.394093558326597,180
9.0,295.4154254730631,289.803935902529,101313.74773991921,5.352072546675398,180
9.0,21.95281819196159,284.70069321966236,101152.40777734669,7.2577446758230915,180
9.0,226.95040654210425,300.0123095928708,101215.45437631139,5.770986481392361,180
9.0,18.933674651622063,298.31135466102575,100409.53677490886,8.797890654673088,180
9.0,22.015357940241707,297.8258643724843,101488.26748712301,9.559980395273495,180
9.0,357.28327266059785,296.4348169645756,101667.23565244685,6.937305640437149,180
9.0,247.7192414212185,284.2654615906313,100720.52383560713,7.524606794243726,180
9.0,240.82317812183476,291.69631219672857,101863.06984655408,5.889228508243521,180
9.0,270.12284430167097,289.85129787921363,100376.13317958901,6.730009265605091,180
9.0,140.5403594865833,287.1935202687597,101306.01678155179,5.214511274880844,180
9.0,24.663538874073147,300.9553091879963,101795.9910215347,9.146559491625077,180
9.0,193.6835206564609,287.4320928213697,101150.38005840487,8.05179361715417,180
9.0,352.18780658266337,289.11190464655834,100904.4411380992,6.9196950325341895,180
9.0,85.84877438633575,300.1319263400675,102686.10464220564,5.742507604695993,180
9.0,280.8738808940458,294.94457735302115,101596.55438131839,7.702872283254542,180
9.0,358.35771874817823,294.61638028794056,101096.7855270291,5.766295979104928,180
9.0,348.3832886431791,294.5585518959644,102170.51332885447,8.002271463057157,180
9.0,161.17708552397266,284.0655013154456,101564.53566922735,7.673512256247905,180
9.0,194.76987446314274,283.63888368279424,101997.7808042394,6.8121067180184784,180
9.0,287.53467163347386,299.17881452969146,100572.18589097996,8.591731432859078,180
9.0,115.52583859712541,291.13228550893274,100877.47127891878,6.127501094347078,180
9.0,133.71625319022544,297.4031048579975,101455.70595741797,8.384304174414332,180
9.0,155.53336015051448,292.93443387863954,100773.44755450678,9.520642503627622,180
9.0,157.352918982321,299.86484408533494,101909.76926617147,5.255565792767092,180
9.0,282.24643361478655,290.439991605906,101128.77329543189,9.784185224199403,180
9.0,328.30605222418257,286.19276216767463,100636.2757325228,6.578577256916362,180
9.0,308.67995593767415,287.1087508800687,100493.71844988943,9.777972004625099,180
9.0,100.08079352309464,300.4283159703845,101468.40115582268,5.791427517856308,180
9.0,285.77373099641807,285.2933392338,101515.11547054014,7.135318518351307,180
9.0,150.7348256381269,300.2396883684631,100939.13294224627,8.116286714549172,180
9.0,292.55193984457054,293.90322109406026,101028.89002392798,8.550752134564181,180
9.0,226.25816885705228,286.88738580380954,101321.35737618161,9.75294841392511,180
9.0,151.6112847297481,287.8394679503416,101837.55868913537,6.532187225598524,180
9.0,24.13833189385298,301.8182466913512,101159.65899538423,8.530345059879242,180
9.0,313.49933231458107,301.18711151070625,101304.52617860251,8.121266817198324,180
9.0,245.9871468949879,300.8413889936103,101286.51229616434,9.001909184568861,180
9.0,192.08900280800256,288.1100135880853,101437.78595062187,8.754767428003703,180
9.0,49.78386688417045,288.02263713882326,101090.12834845993,8.408597648109968,180
9.0,305.561168847831,295.81002507251264,100991.4070508621,7.033548664376989,180
9.0,162.02050395161302,294.6515695458993,101155.38482878437,8.693046904934699,180
9.0,29.286245591971092,285.07474097521845,101208.79871538134,9.824366438744725,180
9.0,300.79404106028477,284.5804863984926,101088.74391464966,6.668956730159387,180
9.0,338.23762403414537,287.9564164699541,101280.27425491899,8.337803538686703,180
9.0,90.0474310465044,286.0813459698321,100990.51584242986,5.324095637537855,180
9.0,290.7049542560723,294.37778980451395,101497.64010479531,5.135663234494664,180
9.0,204.68181687328743,298.57367381517815,100656.06761208075,5.0279142786973825,180
9.0,312.3482851382009,298.55839048832405,102416.510956557,8.01297617912895,180
9.0,242.37152636033437,300.9925625687226,100495.31760853044,8.238425053413467,180
9.0,237.44368188102604,300.8620054128061,101108.30819494855,6.200133172957432,180
9.0,192.66080759157163,301.1293365609163,100843.60841475945,5.749875265971822,180
9.0,101.92468659788248,287.1918220430337,101564.1600441891,6.567434394236365,180
9.0,125.55896870300171,286.84313279884685,100505.88295470212,6.313505841491569,180
9.0,60.336657959696836,284.7659494247717,101851.6827171469,5.357971065888687,180
9.0,33.6421578498847,288.8115757728548,100826.90405181122,5.5529114514960485,180
9.0,178.5776767020725,296.0761904125384,101241.9649293002,7.871996539739281,180
9.0,186.49934533277522,301.9798054194879,101657.89816861754,7.175018071560545,180
9.0,12.685074165094514,300.13494926990256,100619.61972335918,9.468268824385985,180
9.0,65.8197605108444,291.1812767937631,100559.66347894746,8.96419600938387,180
9.0,331.8903917810009,285.9669007734163,101691.92222453166,7.181016730731641,180
9.0,146.68590017150342,288.8760890434718,100287.4781657844,7.111228610579604,180
9.0,169.3746017485922,287.3769303825727,101831.38858204648,9.283676846433512,180
9.0,296.438885643149,297.2020183880928,100795.46385539556,5.554485536567591,180
9.0,184.99259534800242,291.50535481907644,101829.08275943769,9.468553594010904,180
9.0,303.22883818764245,300.76673491985014,101051.91816787932,7.7847841449877695,180
9.0,198.13310813439853,287.2479168446785,100395.75458024317,9.015283991778913,180
9.0,343.95839170708905,291.52869496056564,102292.5437545834,6.950329405697898,180
9.0,17.49843113099267,286.03415007208395,101374.58246967684,5.4672155049742255,180
9.0,103.60834475858802,300.9277485769644,101090.52319835736,9.016726491826791,180
9.0,93.45051180521403,291.17260778321827,101628.03535958743,5.834470607728347,180
9.0,176.67150762287523,295.21392451216315,102091.43213773312,6.264843034255727,180
9.0,351.8154266512092,297.54403588229655,101466.08782862022,6.068231682317119,180
9.0,27.74546979643642,293.77246460125633,101267.67833426749,6.1429421492557275,180
9.0,221.73797941669918,299.48473447198586,101351.84178809506,9.488840441954746,180
9.0,40.18816911471916,290.26839877843,100811.62105539236,9.66379926656011,180
9.0,358.11746227353217,294.94192667712804,101680.96905446037,8.80659496418261,180
9.0,286.79202226741063,297.348546810553,100681.26808219256,5.362836956718506,180
9.0,216.99135087070562,293.5192342018467,101344.66064599952,6.4077993028936735,180
9.0,172.51348558861207,298.93008407051826,101003.50500653227,6.627508945585716,180
9.0,175.61809453750288,295.60061149510096,101396.04275320508,9.95429447174008,180
9.0,79.30065861014879,293.0058859121194,100794.66346154502,6.268828052692806,180
9.0,356.649785128256,288.44307634003223,100790.40877632168,6.996482889051562,180
9.0,90.4566349470407,299.0178575203253,101661.57934569148,8.388666994726819,180
9.0,87.78458832635151,297.7027307777964,101354.18545392771,8.36489182633916,180
9.0,124.42959761272216,291.02505251580163,101310.68405209658,5.692306858359051,180
9.0,163.25526642994984,296.44321423964294,101939.11494420093,7.394549799511383,180
9.0,168.91221432223622,288.7258186273269,101254.70581556272,5.338783329112541,180
9.0,203.72332037522497,298.2965798196881,100660.39383193113,8.80478358652891,180
9.0,326.48996076607517,289.88590779027993,100524.48740489337,8.403293549318091,180
9.0,325.53689070311617,287.0643336353786,101089.19594779165,5.730742068660029,180
9.0,63.564809890004575,295.1661244474106,101698.11367405362,8.669295234112974,180
9.0,334.69357070058487,301.10612122369196,101261.33903650402,8.26851205744233,180
9.0,154.53917057225124,287.50173553856683,101666.76955036307,5.663704770190725,180
9.0,84.99341681448566,287.26382695727983,101722.04410303426,9.930810992632331,180
9.0,284.8796789247631,294.33939342186534,101343.29979920255,7.435492087097898,180
9.0,180.94853509872226,294.71677292156517,101141.65941669705,8.34705845831519,180
9.0,128.68178160253774,285.14719318450545,101719.5307340521,5.027367506435153,180
9.0,280.70526834494405,291.53600489026894,101689.48645274142,6.000079792340314,180
9.0,63.4967870188458,297.34970096204404,100684.43270281065,9.186976508307417,180
9.0,0.9038666685814212,294.79142425594694,101004.07913922121,9.242990270749525,180
9.0,287.7426776118073,300.2219435869789,101268.70639874737,7.799330341911096,180
9.0,280.32687071174723,295.0446142438781,100301.11552520715,6.998500042759663,180
9.0,184.10243128088925,290.7583579738118,101625.35024071837,7.484556054729266,180
9.0,279.26680520453783,298.29873631497367,101466.59721487046,7.209607458200168,180
9.0,98.22818480048957,295.1906872335376,99960.04339191417,6.971074521365818,180
9.0,27.950451811201226,291.1151109582467,101100.47306026227,7.436930961032343,180
9.0,205.5077361745502,298.1412749016091,101682.37729415992,9.67791847459909,180
9.0,23.480280873322986,298.45846744076124,101141.34089511776,6.841985615291605,180
9.0,278.77121110804285,288.08449816994585,100967.58729423954,8.807379941237837,180
9.0,168.80888589293892,298.07391797963624,100743.56820492826,6.17313290841244,180
9.0,326.9653183038356,283.66470536668334,100651.14616620004,9.319582830986322,180
9.0,64.69670545582062,283.27149666759095,101255.66007068117,5.855519541560165,180
9.0,297.63045613809805,287.68790013359023,101086.24779915027,8.060511388234563,180
9.0,113.93804523854453,284.1273383820588,101066.08672351025,7.064179143325358,180
9.0,121.22102161794314,294.4037571624304,102034.88811267262,9.355925661689126,180
9.0,163.33489325241072,297.68042984776235,101993.97047159381,8.133563209120748,180
9.0,182.82588620953103,294.8735582306029,101073.70759167643,7.773630410609144,180
9.0,214.1551226393008,297.17373270909326,100975.15199635089,8.43956111902968,180
9.0,193.04297589888358,301.1528994933845,101714.44189128434,9.328129297568957,180
9.0,12.287872868400678,301.2394677928481,100345.6464274912,9.262280932455702,180
9.0,151.85339106897933,295.12466250550597,101950.35521642595,7.364083998783174,180
9.0,349.93896378713964,284.486782575783,101135.64758185287,6.770793308082394,180
9.0,166.17498564093475,291.8842115170838,102700.33977426622,5.3589174115616505,180
9.0,110.1090777558333,287.8555556393349,101969.24305585986,6.194894667315936,180
9.0,137.2253910730697,297.1432503937646,101983.68192858416,6.379905164191917,180
9.0,84.03727454593945,288.64873050672736,100972.61357449877,9.571970919627692,180
9.0,310.65720603628193,298.7726395691063,101236.47048771093,5.529307131562633,180
9.0,94.07414792895972,287.547331696946,101565.99240142401,5.509728069586024,180
9.0,191.86702411155713,297.5057980533254,102163.14534038634,6.122098505144636,180
9.0,302.3821484231899,297.31349959243005,101634.38702140095,6.067378390631179,180
9.0,233.96014173359885,290.42329255413983,101631.24216990988,6.97748287082335,180
9.0,268.3513698683651,284.4703034868687,101141.45239341253,9.487100529002085,180
9.0,184.9094301435774,301.42569598411444,101914.80045984041,9.947811927496092,180
9.0,348.41500728249207,295.16421418823865,101953.06944734782,6.976563383632119,180
9.0,175.41846670457662,295.63137482739216,100470.50521221056,6.467290377608387,180
9.0,174.44003274813588,297.8434315151619,100950.09418568916,5.812606979388683,180
9.0,181.01559312222633,288.31166369725435,102081.65389571039,5.212288103842834,180
9.0,259.1736721043502,294.05529244713256,102144.70787619105,7.185947962522453,180
9.0,350.60370599409936,285.8593255589116,101805.50686456422,6.367398770867715,180
9.0,150.17536938747105,291.68290139578085,101522.95669644275,7.592795879527373,180
9.0,358.56465583266464,295.6631244069667,102010.01578347992,5.399357183315673,180
9.0,94.89573151925111,283.0288978617648,101469.76484431441,9.714917148830795,180
9.0,157.59069460894915,284.5030972308655,101685.30965080913,8.114973307939293,180
9.0,150.82371258128236,293.48691311614044,101753.57288548895,9.660947368713483,180
9.0,104.92075569097673,289.74010791656116,101517.25743474279,9.006673369251908,180
9.0,17.872454475780827,283.75247843037147,101715.58188291876,9.918856115111844,180
9.0,169.89619865707027,296.67227375225707,101436.98467849853,8.561797896344569,180
9.0,344.65450223018445,288.1681987235742,100943.98920770158,8.821771086535248,180
9.0,158.35155816168776,287.0957007459194,101400.4425843222,5.7910284910672685,180
9.0,149.12747967379636,295.39285605039197,101320.15536931196,7.284791963855904,180
9.0,7.8482899230199665,292.7024567370278,101540.90550496455,8.160459672830441,180
9.0,126.1260517647543,292.2975128320919,101908.69163041913,5.8299815655931635,180
9.0,93.3800802040767,285.14122353229584,101448.90247905071,9.276755456621132,180
9.0,96.89946914317119,293.1222629659844,101843.25991256733,5.69865699100426,180
9.0,161.9697111833215,286.16746079081076,102100.08464977994,7.399656343514,180
9.0,107.34631215618755,292.3063843959872,100669.7565849624,8.449486776960173,180
9.0,279.42358510646346,290.11523188800527,101610.72744248567,8.482527213785355,180
9.0,23.826977935647395,299.60424465623373,101518.7996189932,9.653522810825635,180
9.0,28.31402401553664,296.3873347469912,101811.52009471378,8.827430578955575,180
9.0,203.23970730285077,297.72645113711616,101014.11462692724,6.495453147228223,180
9.0,222.45169819842695,294.53782518675405,101415.74123434277,7.137728095618902,180
9.0,120.71581741997389,288.47563414829136,100469.52591056368,6.790478896755101,180
9.0,33.352869574013184,299.9256911587869,101471.74166738402,8.78429204970184,180
9.0,338.7676468920314,286.46803074284156,101332.6275250782,8.667249491268548,180
