Time (s),X (ft),Y (ft),Velocity X (ft/s),Velocity Y (ft/s),Acceleration X (ft/s²),Acceleration Y (ft/s²),Pressure [Pa]
0.00,0.00,0.00,0.00,0.00,0.00,-0.41,101325.00000000001
0.03,0.00,-0.01,0.00,-0.01,0.00,140.16,101325.00000000001
0.06,0.00,0.10,0.00,8.42,0.00,293.28,101324.69610814752
0.09,0.00,0.50,0.00,17.60,0.00,303.12,101323.55154463106
0.12,0.00,1.16,0.00,26.62,0.00,299.24,101321.61147390299
0.15,0.00,2.09,0.00,35.57,0.00,297.49,101318.88323918657
0.18,0.00,3.30,0.00,44.49,0.00,297.51,101315.37223950525
0.21,0.00,4.77,0.00,53.44,0.00,298.76,101311.07783737952
0.24,0.00,6.51,0.00,62.43,0.00,300.03,101305.99674453758
0.27,0.00,8.52,0.00,71.46,0.00,301.29,101300.12570259452
0.30,0.00,10.80,0.00,80.53,0.00,302.54,101293.46149574172
0.33,0.00,13.35,0.00,89.63,0.00,303.78,101286.00095147196
0.36,0.00,16.18,0.00,98.77,0.00,305.01,101277.74094130067
0.39,0.00,19.29,0.00,107.95,0.00,306.09,101268.67838148103
0.42,0.00,22.67,0.00,117.16,0.00,306.74,101258.81041300029
0.45,0.00,26.32,0.00,126.37,0.00,307.08,101248.13564010835
0.48,0.00,30.26,0.00,135.60,0.00,307.40,101236.65339027096
0.51,0.00,34.47,0.00,144.84,0.00,307.69,101224.36304862541
0.54,0.00,38.96,0.00,154.08,0.00,307.98,101211.26405423552
0.57,0.00,43.72,0.00,163.33,0.00,308.25,101197.35590032996
0.60,0.00,48.77,0.00,172.59,0.00,308.50,101182.63813452651
0.63,0.00,54.09,0.00,181.86,0.00,308.74,101167.11035904403
0.66,0.00,59.69,0.00,191.14,0.00,308.96,101150.77223090135
0.69,0.00,65.57,0.00,200.42,0.00,309.00,101133.6234622886
0.72,0.00,71.73,0.00,209.70,0.00,308.66,101115.66413189747
0.75,0.00,78.16,0.00,218.96,0.00,308.14,101096.89559088374
0.78,0.00,84.88,0.00,228.20,0.00,307.59,101077.31957969
0.81,0.00,91.87,0.00,237.43,0.00,307.02,101056.93789821833
0.84,0.00,99.14,0.00,246.64,0.00,306.44,101035.75240524189
0.87,0.00,106.68,0.00,255.84,0.00,305.84,101013.76501810593
0.90,0.00,114.50,0.00,265.01,0.00,305.23,100990.9777124141
0.93,0.00,122.60,0.00,274.17,0.00,304.59,100967.39252169867
0.96,0.00,130.97,0.00,283.31,0.00,303.93,100943.01153707562
0.99,0.00,139.61,0.00,292.42,0.00,302.98,100917.8369143939
1.02,0.00,148.53,0.00,301.50,0.00,301.67,100891.87151677841
1.05,0.00,157.72,0.00,310.54,0.00,300.25,100865.11937338325
1.08,0.00,167.18,0.00,319.54,0.00,298.82,100837.58467685417
1.11,0.00,176.91,0.00,328.49,0.00,297.37,100809.27167740479
1.14,0.00,186.91,0.00,337.40,0.00,295.91,100780.18468195394
1.17,0.00,197.17,0.00,346.26,0.00,294.42,100750.32805324871
1.20,0.00,207.71,0.00,355.08,0.00,292.92,100719.70620897635
1.23,0.00,218.50,0.00,363.85,0.00,291.40,100688.32362086399
1.26,0.00,229.56,0.00,372.58,0.00,289.87,100656.18481376601
1.29,0.00,240.88,0.00,381.26,0.00,288.32,100623.2943647421
1.32,0.00,252.46,0.00,389.90,0.00,286.75,100589.65690212311
1.35,0.00,264.29,0.00,398.48,0.00,285.17,100555.27710456819
1.38,0.00,276.39,0.00,407.02,0.00,283.58,100520.15970011195
1.41,0.00,288.74,0.00,415.52,0.00,281.85,100484.30946486222
1.44,0.00,301.34,0.00,423.95,0.00,279.92,100447.73142238456
1.47,0.00,314.20,0.00,432.33,0.00,277.88,100410.43133650122
1.50,0.00,327.31,0.00,440.64,0.00,275.82,100372.41516742174
1.53,0.00,340.67,0.00,448.89,0.00,273.75,100333.6889193768
1.56,0.00,354.27,0.00,457.08,0.00,271.67,100294.25863967564
1.59,0.00,368.12,0.00,465.21,0.00,269.57,100254.13041746264
1.62,0.00,382.21,0.00,473.27,0.00,267.46,100213.31038247266
1.65,0.00,396.54,0.00,481.27,0.00,265.33,100171.80470378275
1.68,0.00,411.11,0.00,489.21,0.00,263.23,100129.61958856332
1.71,0.00,425.92,0.00,497.08,0.00,261.36,100086.76124662785
1.74,0.00,440.97,0.00,504.91,0.00,259.72,100043.23521784862
1.77,0.00,456.25,0.00,512.68,0.00,258.09,99999.04641289712
1.80,0.00,471.76,0.00,520.41,0.00,256.46,99954.19975090097
1.83,0.00,487.50,0.00,528.08,0.00,254.81,99908.70018438007
1.86,0.00,503.48,0.00,535.71,0.00,253.15,99862.55269830568
1.89,0.00,519.68,0.00,543.29,0.00,251.49,99815.76230915748
1.92,0.00,536.10,0.00,550.82,0.00,249.84,99768.3340639788
1.95,0.00,552.76,0.00,558.29,0.00,248.35,99720.27300978
1.98,0.00,569.64,0.00,565.73,0.00,247.02,99671.58370960176
2.01,0.00,586.74,0.00,573.13,0.00,245.69,99622.27032189282
2.04,0.00,604.06,0.00,580.49,0.00,243.60,99572.33701973202
2.07,0.00,621.60,0.00,587.76,0.00,233.80,99521.78851251614
2.10,0.00,639.35,0.00,594.53,0.00,192.66,99470.64981068467
2.13,0.00,657.29,0.00,599.33,0.00,110.13,99419.00907457503
2.16,0.00,675.32,0.00,601.14,0.00,35.31,99367.11453041439
2.19,0.00,693.38,0.00,601.45,0.00,-4.30,99315.15755718497
2.22,0.00,711.43,0.00,600.89,0.00,-30.54,99263.23287097232
2.25,0.00,729.46,0.00,599.62,0.00,-48.86,99211.40993455656
2.28,0.00,747.44,0.00,597.95,0.00,-60.04,99159.73630399969
2.31,0.00,765.37,0.00,596.01,0.00,-65.30,99108.23981582704
2.34,0.00,783.24,0.00,594.03,0.00,-65.91,99056.93406113143
2.37,0.00,801.05,0.00,592.05,0.00,-65.67,99005.81918641679
2.40,0.00,818.80,0.00,590.09,0.00,-65.43,98954.89436096432
2.43,0.00,836.49,0.00,588.12,0.00,-65.19,98904.158759711
2.46,0.00,854.12,0.00,586.17,0.00,-64.96,98853.61156408372
2.49,0.00,871.69,0.00,584.22,0.00,-64.72,98803.25196193405
2.52,0.00,889.21,0.00,582.28,0.00,-64.49,98753.07914747312
2.55,0.00,906.67,0.00,580.35,0.00,-64.26,98703.09232120818
2.58,0.00,924.06,0.00,578.42,0.00,-64.03,98653.2906898791
2.61,0.00,941.41,0.00,576.50,0.00,-63.80,98603.67346639595
2.64,0.00,958.69,0.00,574.59,0.00,-63.58,98554.23986977774
2.67,0.00,975.92,0.00,572.69,0.00,-63.35,98504.98912509138
2.70,0.00,993.09,0.00,570.79,0.00,-63.13,98455.92046339189
2.73,0.00,1010.20,0.00,568.89,0.00,-62.91,98407.03312166296
2.76,0.00,1027.25,0.00,567.01,0.00,-62.69,98358.32634275846
2.79,0.00,1044.25,0.00,565.13,0.00,-62.48,98309.79937534477
2.82,0.00,1061.19,0.00,563.26,0.00,-62.26,98261.45147384376
2.85,0.00,1078.08,0.00,561.39,0.00,-62.05,98213.28189837623
2.88,0.00,1094.91,0.00,559.53,0.00,-61.84,98165.28991470649
2.91,0.00,1111.69,0.00,557.68,0.00,-61.63,98117.47479418728
2.94,0.00,1128.41,0.00,555.83,0.00,-61.42,98069.83581370545
2.97,0.00,1145.07,0.00,553.99,0.00,-61.21,98022.37225562846
3.00,0.00,1161.68,0.00,552.15,0.00,-61.00,97975.08340775159
3.03,0.00,1178.23,0.00,550.32,0.00,-60.80,97927.96856324509
3.06,0.00,1194.73,0.00,548.50,0.00,-60.60,97881.02702060329
3.09,0.00,1211.18,0.00,546.68,0.00,-60.39,97834.25808359284
3.12,0.00,1227.57,0.00,544.87,0.00,-60.19,97787.66106120293
3.15,0.00,1243.90,0.00,543.07,0.00,-60.00,97741.235267595
3.18,0.00,1260.18,0.00,541.27,0.00,-59.80,97694.98002205382
3.21,0.00,1276.41,0.00,539.48,0.00,-59.60,97648.89464893908
3.24,0.00,1292.58,0.00,537.69,0.00,-59.41,97602.97847763682
3.27,0.00,1308.70,0.00,535.91,0.00,-59.22,97557.23084251262
3.30,0.00,1324.77,0.00,534.13,0.00,-59.03,97511.6510828643
3.33,0.00,1340.78,0.00,532.36,0.00,-58.84,97466.2385428759
3.36,0.00,1356.74,0.00,530.60,0.00,-58.65,97420.99257157191
3.39,0.00,1372.65,0.00,528.84,0.00,-58.46,97375.91252277183
3.42,0.00,1388.51,0.00,527.09,0.00,-58.27,97330.99775504584
3.45,0.00,1404.31,0.00,525.34,0.00,-58.09,97286.24763167046
3.48,0.00,1420.06,0.00,523.60,0.00,-57.91,97241.66152058511
3.51,0.00,1435.76,0.00,521.86,0.00,-57.72,97197.23879434892
3.54,0.00,1451.40,0.00,520.13,0.00,-57.54,97152.97883009813
3.57,0.00,1466.99,0.00,518.41,0.00,-57.36,97108.88100950395
3.60,0.00,1482.54,0.00,516.69,0.00,-57.19,97064.94471873142
3.63,0.00,1498.03,0.00,514.97,0.00,-57.01,97021.16934839755
3.66,0.00,1513.47,0.00,513.26,0.00,-56.83,96977.55429353168
3.69,0.00,1528.85,0.00,511.56,0.00,-56.66,96934.09895353409
3.72,0.00,1544.19,0.00,509.86,0.00,-56.49,96890.80273213777
3.75,0.00,1559.48,0.00,508.17,0.00,-56.31,96847.66503736807
3.78,0.00,1574.71,0.00,506.48,0.00,-56.14,96804.68528150428
3.81,0.00,1589.90,0.00,504.79,0.00,-55.97,96761.86288104179
3.84,0.00,1605.03,0.00,503.12,0.00,-55.81,96719.1972566532
3.87,0.00,1620.11,0.00,501.44,0.00,-55.64,96676.68783315216
3.90,0.00,1635.15,0.00,499.77,0.00,-55.47,96634.33403945531
3.93,0.00,1650.13,0.00,498.11,0.00,-55.31,96592.13530854619
3.96,0.00,1665.06,0.00,496.45,0.00,-55.14,96550.09107743911
3.99,0.00,1679.95,0.00,494.80,0.00,-54.98,96508.2007871432
4.02,0.00,1694.78,0.00,493.15,0.00,-54.82,96466.46388262708
4.05,0.00,1709.56,0.00,491.51,0.00,-54.66,96424.87981278423
4.08,0.00,1724.30,0.00,489.87,0.00,-54.50,96383.4480303981
4.11,0.00,1738.99,0.00,488.23,0.00,-54.34,96342.16799210802
4.14,0.00,1753.62,0.00,486.60,0.00,-54.18,96301.0391583754
4.17,0.00,1768.21,0.00,484.98,0.00,-54.03,96260.06099345082
4.20,0.00,1782.75,0.00,483.36,0.00,-53.87,96219.2329653403
4.23,0.00,1797.24,0.00,481.74,0.00,-53.72,96178.55454577306
4.26,0.00,1811.69,0.00,480.13,0.00,-53.57,96138.02521016914
4.29,0.00,1826.08,0.00,478.53,0.00,-53.42,96097.64443760773
4.32,0.00,1840.43,0.00,476.92,0.00,-53.26,96057.41171079513
4.35,0.00,1854.72,0.00,475.33,0.00,-53.12,96017.326516034
4.38,0.00,1868.97,0.00,473.73,0.00,-52.97,95977.3883431922
4.41,0.00,1883.18,0.00,472.15,0.00,-52.82,95937.59668567246
4.44,0.00,1897.33,0.00,470.56,0.00,-52.67,95897.951040382
4.47,0.00,1911.44,0.00,468.98,0.00,-52.53,95858.450907703
4.50,0.00,1925.50,0.00,467.41,0.00,-52.38,95819.0957914626
4.53,0.00,1939.51,0.00,465.84,0.00,-52.24,95779.88519890427
4.56,0.00,1953.48,0.00,464.27,0.00,-52.10,95740.81864065822
4.59,0.00,1967.40,0.00,462.71,0.00,-51.95,95701.89563071371
4.62,0.00,1981.27,0.00,461.15,0.00,-51.81,95663.11568639005
4.65,0.00,1995.09,0.00,459.60,0.00,-51.67,95624.47832830908
4.68,0.00,2008.87,0.00,458.05,0.00,-51.53,95585.9830803672
4.71,0.00,2022.60,0.00,456.50,0.00,-51.40,95547.62946970852
4.74,0.00,2036.29,0.00,454.96,0.00,-51.26,95509.41702669716
4.77,0.00,2049.93,0.00,453.42,0.00,-51.12,95471.34528489127
4.80,0.00,2063.52,0.00,451.89,0.00,-50.99,95433.4137810158
4.83,0.00,2077.07,0.00,450.36,0.00,-50.85,95395.62205493679
4.86,0.00,2090.57,0.00,448.84,0.00,-50.72,95357.9696496354
4.89,0.00,2104.02,0.00,447.31,0.00,-50.59,95320.45611118217
4.92,0.00,2117.43,0.00,445.80,0.00,-50.45,95283.08098871192
4.95,0.00,2130.80,0.00,444.28,0.00,-50.32,95245.84383439821
4.98,0.00,2144.12,0.00,442.77,0.00,-50.19,95208.7442034291
5.02,0.00,2157.39,0.00,441.27,0.00,-50.06,95171.78165398205
5.05,0.00,2170.62,0.00,439.77,0.00,-49.94,95134.95574720025
5.08,0.00,2183.80,0.00,438.27,0.00,-49.81,95098.26604716785
5.11,0.00,2196.94,0.00,436.78,0.00,-49.68,95061.71212088702
5.14,0.00,2210.04,0.00,435.29,0.00,-49.56,95025.29353825365
5.17,0.00,2223.09,0.00,433.80,0.00,-49.43,94989.0098720346
5.20,0.00,2236.09,0.00,432.32,0.00,-49.31,94952.86069784425
5.23,0.00,2249.05,0.00,430.84,0.00,-49.18,94916.84559412241
5.26,0.00,2261.97,0.00,429.36,0.00,-49.06,94880.96414211077
5.29,0.00,2274.84,0.00,427.89,0.00,-48.94,94845.21592583158
5.32,0.00,2287.67,0.00,426.42,0.00,-48.82,94809.60053206468
5.35,0.00,2300.45,0.00,424.96,0.00,-48.70,94774.1175503264
5.38,0.00,2313.19,0.00,423.50,0.00,-48.58,94738.76657284745
5.41,0.00,2325.89,0.00,422.04,0.00,-48.46,94703.54719455182
5.44,0.00,2338.54,0.00,420.59,0.00,-48.34,94668.45901303532
5.47,0.00,2351.15,0.00,419.14,0.00,-48.22,94633.50162854468
5.50,0.00,2363.71,0.00,417.69,0.00,-48.11,94598.67464395704
5.53,0.00,2376.23,0.00,416.25,0.00,-47.99,94563.97766475924
5.56,0.00,2388.71,0.00,414.81,0.00,-47.88,94529.4102990274
5.59,0.00,2401.15,0.00,413.37,0.00,-47.76,94494.97215740691
5.62,0.00,2413.54,0.00,411.94,0.00,-47.65,94460.66285309277
5.65,0.00,2425.89,0.00,410.51,0.00,-47.54,94426.48200180943
5.68,0.00,2438.19,0.00,409.09,0.00,-47.43,94392.42922179152
5.71,0.00,2450.46,0.00,407.66,0.00,-47.31,94358.50413376452
5.74,0.00,2462.68,0.00,406.24,0.00,-47.20,94324.70636092589
5.77,0.00,2474.86,0.00,404.83,0.00,-47.09,94291.03552892552
5.80,0.00,2486.99,0.00,403.42,0.00,-46.98,94257.49126584777
5.83,0.00,2499.09,0.00,402.01,0.00,-46.88,94224.0732021924
5.86,0.00,2511.14,0.00,400.60,0.00,-46.77,94190.78097085643
5.89,0.00,2523.15,0.00,399.20,0.00,-46.66,94157.614207116
5.92,0.00,2535.11,0.00,397.80,0.00,-46.56,94124.57254860832
5.95,0.00,2547.04,0.00,396.40,0.00,-46.45,94091.65563531384
5.98,0.00,2558.92,0.00,395.01,0.00,-46.34,94058.86310953874
6.01,0.00,2570.76,0.00,393.62,0.00,-46.24,94026.19461589727
6.04,0.00,2582.56,0.00,392.23,0.00,-46.14,93993.64980129495
6.07,0.00,2594.32,0.00,390.85,0.00,-46.03,93961.22831491078
6.10,0.00,2606.04,0.00,389.47,0.00,-45.93,93928.92980818101
6.13,0.00,2617.71,0.00,388.09,0.00,-45.83,93896.75393478175
6.16,0.00,2629.34,0.00,386.71,0.00,-45.73,93864.70035061303
6.19,0.00,2640.94,0.00,385.34,0.00,-45.63,93832.76871378176
6.22,0.00,2652.49,0.00,383.97,0.00,-45.53,93800.95868458562
6.25,0.00,2664.00,0.00,382.61,0.00,-45.43,93769.26992549741
6.28,0.00,2675.47,0.00,381.24,0.00,-45.33,93737.70210114855
6.31,0.00,2686.90,0.00,379.88,0.00,-45.23,93706.25487831335
6.34,0.00,2698.28,0.00,378.53,0.00,-45.13,93674.9279258937
6.37,0.00,2709.63,0.00,377.17,0.00,-45.04,93643.7209149034
6.40,0.00,2720.94,0.00,375.82,0.00,-44.94,93612.63351845255
6.43,0.00,2732.20,0.00,374.47,0.00,-44.85,93581.66541173308
6.46,0.00,2743.43,0.00,373.13,0.00,-44.75,93550.81627200288
6.49,0.00,2754.61,0.00,371.79,0.00,-44.66,93520.08577857135
6.52,0.00,2765.76,0.00,370.45,0.00,-44.56,93489.47361278483
6.55,0.00,2776.86,0.00,369.11,0.00,-44.47,93458.97945801164
6.58,0.00,2787.93,0.00,367.78,0.00,-44.38,93428.60299962766
6.61,0.00,2798.95,0.00,366.45,0.00,-44.29,93398.34392500226
6.64,0.00,2809.94,0.00,365.12,0.00,-44.19,93368.20192348385
6.67,0.00,2820.88,0.00,363.79,0.00,-44.10,93338.17668638614
6.70,0.00,2831.78,0.00,362.47,0.00,-44.01,93308.26790697376
6.73,0.00,2842.65,0.00,361.15,0.00,-43.92,93278.47528044894
6.76,0.00,2853.48,0.00,359.83,0.00,-43.83,93248.79850393762
6.79,0.00,2864.26,0.00,358.52,0.00,-43.75,93219.23727647608
6.82,0.00,2875.01,0.00,357.20,0.00,-43.66,93189.79129899756
6.85,0.00,2885.71,0.00,355.89,0.00,-43.57,93160.46027431863
6.88,0.00,2896.38,0.00,354.59,0.00,-43.48,93131.24390712664
6.91,0.00,2907.01,0.00,353.28,0.00,-43.40,93102.14190396637
6.94,0.00,2917.60,0.00,351.98,0.00,-43.31,93073.1539732271
6.97,0.00,2928.15,0.00,350.68,0.00,-43.22,93044.27982513007
7.00,0.00,2938.66,0.00,349.38,0.00,-43.14,93015.51917171573
7.03,0.00,2949.14,0.00,348.09,0.00,-43.06,92986.87172683119
7.06,0.00,2959.57,0.00,346.80,0.00,-42.97,92958.33720611787
7.09,0.00,2969.96,0.00,345.51,0.00,-42.89,92929.91532699917
7.12,0.00,2980.32,0.00,344.22,0.00,-42.81,92901.60580866851
7.15,0.00,2990.64,0.00,342.94,0.00,-42.72,92873.4083720768
7.18,0.00,3000.92,0.00,341.66,0.00,-42.64,92845.32273992104
7.21,0.00,3011.16,0.00,340.38,0.00,-42.56,92817.34863663229
7.24,0.00,3021.36,0.00,339.10,0.00,-42.48,92789.48578836382
7.27,0.00,3031.52,0.00,337.83,0.00,-42.40,92761.73392297942
7.30,0.00,3041.65,0.00,336.55,0.00,-42.32,92734.0927700425
7.33,0.00,3051.74,0.00,335.28,0.00,-42.24,92706.56206080409
7.36,0.00,3061.79,0.00,334.02,0.00,-42.16,92679.14152819154
7.39,0.00,3071.80,0.00,332.75,0.00,-42.08,92651.8309067979
7.42,0.00,3081.77,0.00,331.49,0.00,-42.00,92624.62993287033
7.45,0.00,3091.71,0.00,330.23,0.00,-41.93,92597.53834429925
7.48,0.00,3101.61,0.00,328.97,0.00,-41.85,92570.5558806076
7.51,0.00,3111.47,0.00,327.72,0.00,-41.77,92543.68228293993
7.54,0.00,3121.29,0.00,326.46,0.00,-41.70,92516.91729405192
7.57,0.00,3131.07,0.00,325.21,0.00,-41.62,92490.2606582994
7.60,0.00,3140.82,0.00,323.96,0.00,-41.55,92463.71212162831
7.63,0.00,3150.53,0.00,322.72,0.00,-41.47,92437.27143156409
7.66,0.00,3160.20,0.00,321.47,0.00,-41.40,92410.93833720163
7.69,0.00,3169.84,0.00,320.23,0.00,-41.33,92384.7125891947
7.72,0.00,3179.44,0.00,318.99,0.00,-41.25,92358.59393974613
7.75,0.00,3189.00,0.00,317.75,0.00,-41.18,92332.5821425978
7.78,0.00,3198.52,0.00,316.52,0.00,-41.11,92306.6769530206
7.81,0.00,3208.01,0.00,315.28,0.00,-41.04,92280.87812780461
7.84,0.00,3217.46,0.00,314.05,0.00,-40.96,92255.18542524961
7.87,0.00,3226.87,0.00,312.82,0.00,-40.89,92229.59860515523
7.90,0.00,3236.24,0.00,311.60,0.00,-40.82,92204.11742881133
7.93,0.00,3245.58,0.00,310.37,0.00,-40.75,92178.74165898851
7.96,0.00,3254.89,0.00,309.15,0.00,-40.68,92153.47105992938
7.99,0.00,3264.15,0.00,307.93,0.00,-40.61,92128.30539733809
8.02,0.00,3273.38,0.00,306.71,0.00,-40.54,92103.24443837209
8.05,0.00,3282.57,0.00,305.49,0.00,-40.48,92078.28795163262
8.08,0.00,3291.73,0.00,304.28,0.00,-40.41,92053.43570715592
8.11,0.00,3300.85,0.00,303.06,0.00,-40.34,92028.6874764035
8.14,0.00,3309.93,0.00,301.85,0.00,-40.27,92004.04303225453
8.17,0.00,3318.98,0.00,300.65,0.00,-40.21,91979.50214899564
8.20,0.00,3327.99,0.00,299.44,0.00,-40.14,91955.06460231348
8.23,0.00,3336.96,0.00,298.24,0.00,-40.07,91930.7301692851
8.26,0.00,3345.90,0.00,297.03,0.00,-40.01,91906.49862836969
8.29,0.00,3354.80,0.00,295.83,0.00,-39.94,91882.36975940046
8.32,0.00,3363.67,0.00,294.63,0.00,-39.88,91858.34334357572
8.35,0.00,3372.50,0.00,293.44,0.00,-39.81,91834.41916345073
8.38,0.00,3381.29,0.00,292.24,0.00,-39.75,91810.59700292947
8.41,0.00,3390.05,0.00,291.05,0.00,-39.69,91786.87664725642
8.44,0.00,3398.77,0.00,289.86,0.00,-39.62,91763.25788300853
8.47,0.00,3407.46,0.00,288.67,0.00,-39.56,91739.74049808689
8.50,0.00,3416.11,0.00,287.48,0.00,-39.50,91716.3242817091
8.53,0.00,3424.72,0.00,286.30,0.00,-39.44,91693.00902440106
8.56,0.00,3433.30,0.00,285.11,0.00,-39.37,91669.79451798939
8.59,0.00,3441.85,0.00,283.93,0.00,-39.31,91646.68055559373
8.62,0.00,3450.36,0.00,282.75,0.00,-39.25,91623.6669316186
8.65,0.00,3458.83,0.00,281.58,0.00,-39.19,91600.75344174598
8.68,0.00,3467.27,0.00,280.40,0.00,-39.13,91577.9398829283
8.71,0.00,3475.67,0.00,279.23,0.00,-39.07,91555.22605338003
8.74,0.00,3484.04,0.00,278.05,0.00,-39.01,91532.61175257093
8.77,0.00,3492.37,0.00,276.88,0.00,-38.95,91510.09678121822
8.80,0.00,3500.67,0.00,275.71,0.00,-38.89,91487.68094127983
8.83,0.00,3508.93,0.00,274.55,0.00,-38.84,91465.36403594662
8.86,0.00,3517.16,0.00,273.38,0.00,-38.78,91443.14586963566
8.89,0.00,3525.35,0.00,272.22,0.00,-38.72,91421.0262479826
8.92,0.00,3533.51,0.00,271.06,0.00,-38.66,91399.00497783527
8.95,0.00,3541.63,0.00,269.89,0.00,-38.61,91377.08186724623
8.98,0.00,3549.72,0.00,268.74,0.00,-38.55,91355.25672546608
9.01,0.00,3557.77,0.00,267.58,0.00,-38.49,91333.52936293634
9.04,0.00,3565.79,0.00,266.42,0.00,-38.44,91311.89959128306
9.07,0.00,3573.77,0.00,265.27,0.00,-38.38,91290.36722330976
9.10,0.00,3581.72,0.00,264.12,0.00,-38.33,91268.93207299073
9.13,0.00,3589.63,0.00,262.97,0.00,-38.27,91247.5939554648
9.16,0.00,3597.51,0.00,261.82,0.00,-38.22,91226.35268702824
9.19,0.00,3605.36,0.00,260.67,0.00,-38.16,91205.2080851287
9.22,0.00,3613.17,0.00,259.53,0.00,-38.11,91184.15996835858
9.25,0.00,3620.95,0.00,258.38,0.00,-38.06,91163.2081564484
9.28,0.00,3628.69,0.00,257.24,0.00,-38.00,91142.35247026106
9.31,0.00,3636.40,0.00,256.10,0.00,-37.95,91121.592731785
9.34,0.00,3644.07,0.00,254.96,0.00,-37.90,91100.9287641282
9.37,0.00,3651.71,0.00,253.83,0.00,-37.85,91080.36039151195
9.40,0.00,3659.31,0.00,252.69,0.00,-37.79,91059.8874392649
9.43,0.00,3666.89,0.00,251.56,0.00,-37.74,91039.5097338168
9.46,0.00,3674.42,0.00,250.42,0.00,-37.69,91019.22710269249
9.49,0.00,3681.93,0.00,249.29,0.00,-37.64,90999.03937450601
9.52,0.00,3689.39,0.00,248.16,0.00,-37.59,90978.94637895495
9.55,0.00,3696.83,0.00,247.03,0.00,-37.54,90958.94794681395
9.58,0.00,3704.23,0.00,245.91,0.00,-37.49,90939.0439099295
9.61,0.00,3711.60,0.00,244.78,0.00,-37.44,90919.2341012139
9.64,0.00,3718.93,0.00,243.66,0.00,-37.39,90899.5183546397
9.67,0.00,3726.23,0.00,242.54,0.00,-37.34,90879.8965052337
9.70,0.00,3733.50,0.00,241.42,0.00,-37.29,90860.36838907203
9.73,0.00,3740.73,0.00,240.30,0.00,-37.25,90840.93384327382
9.76,0.00,3747.93,0.00,239.18,0.00,-37.20,90821.59270599607
9.79,0.00,3755.10,0.00,238.06,0.00,-37.15,90802.34481642842
9.82,0.00,3762.23,0.00,236.95,0.00,-37.10,90783.1900147871
9.85,0.00,3769.33,0.00,235.83,0.00,-37.06,90764.12814231023
9.88,0.00,3776.40,0.00,234.72,0.00,-37.01,90745.15904125191
9.91,0.00,3783.43,0.00,233.61,0.00,-36.96,90726.28255487763
9.94,0.00,3790.43,0.00,232.50,0.00,-36.92,90707.49852745835
9.97,0.00,3797.39,0.00,231.39,0.00,-36.87,90688.80680426554
10.00,0.00,3804.32,0.00,230.29,0.00,-36.82,90670.20723156644
10.03,0.00,3811.22,0.00,229.18,0.00,-36.78,90651.69965661844
10.06,0.00,3818.09,0.00,228.08,0.00,-36.73,90633.2839276641
10.09,0.00,3824.92,0.00,226.98,0.00,-36.69,90614.95989392663
10.12,0.00,3831.72,0.00,225.88,0.00,-36.64,90596.72740560405
10.15,0.00,3838.49,0.00,224.78,0.00,-36.60,90578.58631386531
10.18,0.00,3845.22,0.00,223.68,0.00,-36.56,90560.53647084458
10.21,0.00,3851.92,0.00,222.58,0.00,-36.51,90542.5777296368
10.24,0.00,3858.59,0.00,221.48,0.00,-36.47,90524.70994429274
10.27,0.00,3865.22,0.00,220.39,0.00,-36.43,90506.93296981447
10.30,0.00,3871.83,0.00,219.30,0.00,-36.38,90489.24666215022
10.33,0.00,3878.39,0.00,218.20,0.00,-36.34,90471.65087819034
10.36,0.00,3884.93,0.00,217.11,0.00,-36.30,90454.14547576201
10.39,0.00,3891.43,0.00,216.02,0.00,-36.26,90436.73031362501
10.42,0.00,3897.91,0.00,214.94,0.00,-36.22,90419.40525146716
10.45,0.00,3904.34,0.00,213.85,0.00,-36.17,90402.17014989976
10.48,0.00,3910.75,0.00,212.76,0.00,-36.13,90385.02487045305
10.51,0.00,3917.12,0.00,211.68,0.00,-36.09,90367.96927557187
10.54,0.00,3923.46,0.00,210.60,0.00,-36.05,90351.00322861131
10.57,0.00,3929.77,0.00,209.51,0.00,-36.01,90334.12659383214
10.60,0.00,3936.05,0.00,208.43,0.00,-35.97,90317.3392363967
10.63,0.00,3942.29,0.00,207.35,0.00,-35.93,90300.64102236446
10.66,0.00,3948.50,0.00,206.28,0.00,-35.89,90284.03181868797
10.69,0.00,3954.68,0.00,205.20,0.00,-35.85,90267.51149320861
10.72,0.00,3960.82,0.00,204.12,0.00,-35.81,90251.07991465197
10.75,0.00,3966.94,0.00,203.05,0.00,-35.77,90234.7369526244
10.78,0.00,3973.02,0.00,201.97,0.00,-35.74,90218.4824776089
10.81,0.00,3979.07,0.00,200.90,0.00,-35.70,90202.31636095991
10.84,0.00,3985.09,0.00,199.83,0.00,-35.66,90186.2384749009
10.87,0.00,3991.07,0.00,198.76,0.00,-35.62,90170.24869251941
10.90,0.00,3997.02,0.00,197.69,0.00,-35.58,90154.34688776293
10.93,0.00,4002.94,0.00,196.62,0.00,-35.55,90138.53293543585
10.96,0.00,4008.83,0.00,195.56,0.00,-35.51,90122.80671119476
10.99,0.00,4014.69,0.00,194.49,0.00,-35.47,90107.16809154494
11.02,0.00,4020.51,0.00,193.42,0.00,-35.44,90091.61695383643
11.05,0.00,4026.31,0.00,192.36,0.00,-35.40,90076.1531762604
11.08,0.00,4032.07,0.00,191.30,0.00,-35.36,90060.77663784527
11.11,0.00,4037.79,0.00,190.24,0.00,-35.33,90045.4872184528
11.14,0.00,4043.49,0.00,189.18,0.00,-35.29,90030.28479877509
11.17,0.00,4049.16,0.00,188.12,0.00,-35.26,90015.1692603298
11.20,0.00,4054.79,0.00,187.06,0.00,-35.22,90000.14048545768
11.23,0.00,4060.39,0.00,186.00,0.00,-35.19,89985.19835731827
11.26,0.00,4065.96,0.00,184.95,0.00,-35.15,89970.34275988641
11.29,0.00,4071.50,0.00,183.89,0.00,-35.12,89955.57357794896
11.32,0.00,4077.01,0.00,182.84,0.00,-35.09,89940.89069710115
11.35,0.00,4082.48,0.00,181.78,0.00,-35.05,89926.29400374302
11.38,0.00,4087.92,0.00,180.73,0.00,-35.02,89911.7833850763
11.41,0.00,4093.34,0.00,179.68,0.00,-34.99,89897.35872910051
11.44,0.00,4098.72,0.00,178.63,0.00,-34.95,89883.0199246102
11.47,0.00,4104.06,0.00,177.58,0.00,-34.92,89868.7668611907
11.50,0.00,4109.38,0.00,176.53,0.00,-34.89,89854.59942921603
11.53,0.00,4114.67,0.00,175.49,0.00,-34.85,89840.51751984452
11.56,0.00,4119.92,0.00,174.44,0.00,-34.82,89826.52102501597
11.59,0.00,4125.14,0.00,173.39,0.00,-34.79,89812.60983744865
11.62,0.00,4130.33,0.00,172.35,0.00,-34.76,89798.78385063571
11.65,0.00,4135.49,0.00,171.31,0.00,-34.73,89785.04295884208
11.68,0.00,4140.62,0.00,170.26,0.00,-34.70,89771.3870571016
11.71,0.00,4145.72,0.00,169.22,0.00,-34.66,89757.81604121362
11.74,0.00,4150.79,0.00,168.18,0.00,-34.63,89744.32980774
11.77,0.00,4155.82,0.00,167.14,0.00,-34.60,89730.92825400199
11.80,0.00,4160.83,0.00,166.10,0.00,-34.57,89717.61127807741
11.83,0.00,4165.80,0.00,165.07,0.00,-34.54,89704.37877879739
11.86,0.00,4170.74,0.00,164.03,0.00,-34.51,89691.23065574343
11.89,0.00,4175.65,0.00,162.99,0.00,-34.48,89678.16680924475
11.92,0.00,4180.53,0.00,161.96,0.00,-34.45,89665.1871403747
11.95,0.00,4185.38,0.00,160.92,0.00,-34.43,89652.29155094866
11.98,0.00,4190.19,0.00,159.89,0.00,-34.40,89639.47994352062
12.01,0.00,4194.98,0.00,158.86,0.00,-34.37,89626.75222138065
12.04,0.00,4199.73,0.00,157.83,0.00,-34.34,89614.10828855181
12.07,0.00,4204.46,0.00,156.80,0.00,-34.31,89601.5480497874
12.10,0.00,4209.15,0.00,155.77,0.00,-34.28,89589.07141056834
12.13,0.00,4213.81,0.00,154.74,0.00,-34.25,89576.67827710052
12.16,0.00,4218.45,0.00,153.71,0.00,-34.23,89564.3685563118
12.19,0.00,4223.05,0.00,152.68,0.00,-34.20,89552.14215584924
12.22,0.00,4227.62,0.00,151.65,0.00,-34.17,89539.99898407687
12.25,0.00,4232.15,0.00,150.63,0.00,-34.14,89527.93895007271
12.28,0.00,4236.66,0.00,149.60,0.00,-34.12,89515.96196362641
12.31,0.00,4241.14,0.00,148.58,0.00,-34.09,89504.06793523607
12.34,0.00,4245.59,0.00,147.56,0.00,-34.06,89492.25677610659
12.37,0.00,4250.00,0.00,146.53,0.00,-34.04,89480.5283981463
12.40,0.00,4254.39,0.00,145.51,0.00,-34.01,89468.88271396483
12.43,0.00,4258.74,0.00,144.49,0.00,-33.99,89457.31963687055
12.46,0.00,4263.06,0.00,143.47,0.00,-33.96,89445.83908086813
12.49,0.00,4267.36,0.00,142.45,0.00,-33.94,89434.44096065593
12.52,0.00,4271.62,0.00,141.43,0.00,-33.91,89423.1251916238
12.55,0.00,4275.85,0.00,140.41,0.00,-33.89,89411.89168985053
12.58,0.00,4280.05,0.00,139.40,0.00,-33.86,89400.74037210147
12.61,0.00,4284.22,0.00,138.38,0.00,-33.84,89389.67115582607
12.64,0.00,4288.37,0.00,137.36,0.00,-33.81,89378.68395915593
12.67,0.00,4292.47,0.00,136.35,0.00,-33.79,89367.77870090221
12.70,0.00,4296.55,0.00,135.34,0.00,-33.76,89356.95530055302
12.73,0.00,4300.60,0.00,134.32,0.00,-33.74,89346.21367827189
12.76,0.00,4304.62,0.00,133.31,0.00,-33.72,89335.5537548948
12.79,0.00,4308.61,0.00,132.30,0.00,-33.69,89324.97545192837
12.82,0.00,4312.57,0.00,131.29,0.00,-33.67,89314.4786915477
12.85,0.00,4316.49,0.00,130.27,0.00,-33.65,89304.0633965939
12.88,0.00,4320.39,0.00,129.26,0.00,-33.62,89293.7294905721
12.91,0.00,4324.26,0.00,128.26,0.00,-33.60,89283.47689764929
12.94,0.00,4328.09,0.00,127.25,0.00,-33.58,89273.30554265219
12.97,0.00,4331.90,0.00,126.24,0.00,-33.56,89263.2153510652
13.00,0.00,4335.68,0.00,125.23,0.00,-33.54,89253.2062490281
13.03,0.00,4339.42,0.00,124.22,0.00,-33.51,89243.27816333449
13.06,0.00,4343.14,0.00,123.22,0.00,-33.49,89233.43102142918
13.09,0.00,4346.82,0.00,122.21,0.00,-33.47,89223.66475140666
13.12,0.00,4350.48,0.00,121.21,0.00,-33.45,89213.97928200863
13.15,0.00,4354.10,0.00,120.20,0.00,-33.43,89204.37454262243
13.18,0.00,4357.70,0.00,119.20,0.00,-33.41,89194.85046327897
13.21,0.00,4361.26,0.00,118.20,0.00,-33.39,89185.40697465076
13.24,0.00,4364.80,0.00,117.19,0.00,-33.37,89176.04400804985
13.27,0.00,4368.30,0.00,116.19,0.00,-33.35,89166.76149542643
13.30,0.00,4371.77,0.00,115.19,0.00,-33.33,89157.5593693662
13.33,0.00,4375.22,0.00,114.19,0.00,-33.31,89148.43756308935
13.36,0.00,4378.63,0.00,113.19,0.00,-33.29,89139.39601044789
13.39,0.00,4382.02,0.00,112.19,0.00,-33.27,89130.43464592466
13.42,0.00,4385.37,0.00,111.19,0.00,-33.25,89121.55340463093
13.45,0.00,4388.70,0.00,110.20,0.00,-33.23,89112.75222230492
13.48,0.00,4391.99,0.00,109.20,0.00,-33.21,89104.03103530972
13.51,0.00,4395.25,0.00,108.20,0.00,-33.19,89095.38978063212
13.54,0.00,4398.49,0.00,107.20,0.00,-33.17,89086.82839588038
13.57,0.00,4401.69,0.00,106.21,0.00,-33.15,89078.34681928283
13.60,0.00,4404.87,0.00,105.21,0.00,-33.14,89069.94498968587
13.63,0.00,4408.01,0.00,104.22,0.00,-33.12,89061.62284655267
13.66,0.00,4411.13,0.00,103.22,0.00,-33.10,89053.3803299613
13.69,0.00,4414.21,0.00,102.23,0.00,-33.08,89045.21738060315
13.72,0.00,4417.27,0.00,101.24,0.00,-33.07,89037.1339397814
13.75,0.00,4420.29,0.00,100.24,0.00,-33.05,89029.12994940943
13.78,0.00,4423.29,0.00,99.25,0.00,-33.03,89021.20535200916
13.81,0.00,4426.25,0.00,98.26,0.00,-33.01,89013.36009070923
13.84,0.00,4429.19,0.00,97.27,0.00,-33.00,89005.59410924428
13.87,0.00,4432.09,0.00,96.28,0.00,-32.98,88997.90735195258
13.90,0.00,4434.97,0.00,95.29,0.00,-32.96,88990.29976377488
13.93,0.00,4437.82,0.00,94.30,0.00,-32.95,88982.77129025309
13.96,0.00,4440.63,0.00,93.31,0.00,-32.93,88975.32187752858
13.99,0.00,4443.42,0.00,92.32,0.00,-32.92,88967.9514723407
14.02,0.00,4446.18,0.00,91.33,0.00,-32.90,88960.66002202553
14.05,0.00,4448.91,0.00,90.34,0.00,-32.89,88953.44747451444
14.08,0.00,4451.61,0.00,89.36,0.00,-32.87,88946.31377833251
14.11,0.00,4454.27,0.00,88.37,0.00,-32.86,88939.25888259744
14.14,0.00,4456.91,0.00,87.38,0.00,-32.84,88932.28273701794
14.17,0.00,4459.52,0.00,86.40,0.00,-32.83,88925.38529189261
14.20,0.00,4462.10,0.00,85.41,0.00,-32.81,88918.56649810827
14.23,0.00,4464.65,0.00,84.43,0.00,-32.80,88911.82630713897
14.26,0.00,4467.17,0.00,83.44,0.00,-32.78,88905.16467104478
14.29,0.00,4469.66,0.00,82.46,0.00,-32.77,88898.58154247014
14.32,0.00,4472.13,0.00,81.47,0.00,-32.75,88892.0768746428
14.35,0.00,4474.56,0.00,80.49,0.00,-32.74,88885.65062137255
14.38,0.00,4476.96,0.00,79.51,0.00,-32.73,88879.30273705025
14.41,0.00,4479.33,0.00,78.53,0.00,-32.71,88873.03317664607
14.44,0.00,4481.68,0.00,77.54,0.00,-32.70,88866.84189570877
14.47,0.00,4483.99,0.00,76.56,0.00,-32.69,88860.7288503645
14.50,0.00,4486.27,0.00,75.58,0.00,-32.67,88854.69399731515
14.53,0.00,4488.53,0.00,74.60,0.00,-32.66,88848.73729383801
14.56,0.00,4490.75,0.00,73.62,0.00,-32.65,88842.85869778389
14.59,0.00,4492.95,0.00,72.64,0.00,-32.64,88837.05816757627
14.62,0.00,4495.12,0.00,71.66,0.00,-32.63,88831.33566221048
14.65,0.00,4497.25,0.00,70.68,0.00,-32.61,88825.69114125219
14.68,0.00,4499.36,0.00,69.70,0.00,-32.60,88820.12456483666
14.71,0.00,4501.44,0.00,68.72,0.00,-32.59,88814.63589366755
14.74,0.00,4503.49,0.00,67.74,0.00,-32.58,88809.2250890158
14.77,0.00,4505.51,0.00,66.76,0.00,-32.57,88803.89211271891
14.80,0.00,4507.50,0.00,65.79,0.00,-32.56,88798.63692717963
14.83,0.00,4509.46,0.00,64.81,0.00,-32.54,88793.45949536498
14.86,0.00,4511.39,0.00,63.83,0.00,-32.53,88788.35978080567
14.89,0.00,4513.29,0.00,62.86,0.00,-32.52,88783.33774759456
14.92,0.00,4515.17,0.00,61.88,0.00,-32.51,88778.39336038628
14.95,0.00,4517.01,0.00,60.90,0.00,-32.50,88773.52658439601
14.98,0.00,4518.83,0.00,59.93,0.00,-32.49,88768.73738539836
15.02,0.00,4520.61,0.00,58.95,0.00,-32.48,88764.02572972699
15.05,0.00,4522.37,0.00,57.98,0.00,-32.47,88759.39158427353
15.08,0.00,4524.09,0.00,57.00,0.00,-32.46,88754.8349164862
15.11,0.00,4525.79,0.00,56.03,0.00,-32.45,88750.35569436995
15.14,0.00,4527.46,0.00,55.05,0.00,-32.44,88745.95388648483
15.17,0.00,4529.10,0.00,54.08,0.00,-32.44,88741.62946194541
15.20,0.00,4530.70,0.00,53.10,0.00,-32.43,88737.38239042004
15.23,0.00,4532.29,0.00,52.13,0.00,-32.42,88733.21264212998
15.26,0.00,4533.84,0.00,51.16,0.00,-32.41,88729.12018784878
15.29,0.00,4535.36,0.00,50.18,0.00,-32.40,88725.10499890125
15.32,0.00,4536.85,0.00,49.21,0.00,-32.39,88721.16704716299
15.35,0.00,4538.31,0.00,48.24,0.00,-32.38,88717.30630505939
15.38,0.00,4539.75,0.00,47.27,0.00,-32.38,88713.52274556531
15.41,0.00,4541.15,0.00,46.29,0.00,-32.37,88709.81634220369
15.44,0.00,4542.53,0.00,45.32,0.00,-32.36,88706.18706904579
15.47,0.00,4543.87,0.00,44.35,0.00,-32.35,88702.63490070972
15.50,0.00,4545.19,0.00,43.38,0.00,-32.35,88699.15981236022
15.53,0.00,4546.48,0.00,42.41,0.00,-32.34,88695.7617797078
15.56,0.00,4547.74,0.00,41.44,0.00,-32.33,88692.4407790082
15.59,0.00,4548.97,0.00,40.47,0.00,-32.33,88689.19678706198
15.62,0.00,4550.17,0.00,39.49,0.00,-32.32,88686.02978121348
15.65,0.00,4551.34,0.00,38.52,0.00,-32.31,88682.93973935055
15.68,0.00,4552.48,0.00,37.55,0.00,-32.31,88679.92663990385
15.71,0.00,4553.60,0.00,36.58,0.00,-32.30,88676.99046184644
15.74,0.00,4554.68,0.00,35.61,0.00,-32.29,88674.13118469303
15.77,0.00,4555.73,0.00,34.64,0.00,-32.29,88671.34878849969
15.80,0.00,4556.76,0.00,33.67,0.00,-32.28,88668.64325386305
15.83,0.00,4557.76,0.00,32.71,0.00,-32.28,88666.01456192009
15.86,0.00,4558.72,0.00,31.74,0.00,-32.27,88663.4626943474
15.89,0.00,4559.66,0.00,30.77,0.00,-32.27,88660.98763336084
15.92,0.00,4560.57,0.00,29.80,0.00,-32.26,88658.58936171525
15.95,0.00,4561.45,0.00,28.83,0.00,-32.26,88656.26786270348
15.98,0.00,4562.30,0.00,27.86,0.00,-32.25,88654.02312015666
16.01,0.00,4563.13,0.00,26.89,0.00,-32.25,88651.85511844327
16.04,0.00,4563.92,0.00,25.92,0.00,-32.24,88649.76384246879
16.07,0.00,4564.68,0.00,24.96,0.00,-32.24,88647.74927767567
16.10,0.00,4565.42,0.00,23.99,0.00,-32.23,88645.81141004233
16.13,0.00,4566.12,0.00,23.02,0.00,-32.23,88643.95022608362
16.16,0.00,4566.80,0.00,22.05,0.00,-32.23,88642.16571284957
16.19,0.00,4567.45,0.00,21.08,0.00,-32.22,88640.45785792598
16.22,0.00,4568.07,0.00,20.12,0.00,-32.22,88638.82664943325
16.25,0.00,4568.66,0.00,19.15,0.00,-32.22,88637.27207602654
16.28,0.00,4569.22,0.00,18.18,0.00,-32.21,88635.79412689556
16.31,0.00,4569.75,0.00,17.21,0.00,-32.21,88634.39279176401
16.34,0.00,4570.25,0.00,16.25,0.00,-32.21,88633.06806088933
16.37,0.00,4570.72,0.00,15.28,0.00,-32.21,88631.81992506275
16.40,0.00,4571.17,0.00,14.31,0.00,-32.20,88630.64837560874
16.43,0.00,4571.58,0.00,13.35,0.00,-32.20,88629.55340438508
16.46,0.00,4571.97,0.00,12.38,0.00,-32.20,88628.53500378218
16.49,0.00,4572.33,0.00,11.41,0.00,-32.20,88627.5931667233
16.52,0.00,4572.66,0.00,10.45,0.00,-32.19,88626.72788666445
16.55,0.00,4572.95,0.00,9.48,0.00,-32.19,88625.93915759378
16.58,0.00,4573.22,0.00,8.51,0.00,-32.19,88625.2269740317
16.61,0.00,4573.47,0.00,7.55,0.00,-32.19,88624.59133103084
16.64,0.00,4573.68,0.00,6.58,0.00,-32.19,88624.03222417564
16.67,0.00,4573.86,0.00,5.61,0.00,-32.19,88623.54964958249
16.70,0.00,4574.01,0.00,4.65,0.00,-32.19,88623.14360389952
16.73,0.00,4574.14,0.00,3.68,0.00,-32.19,88622.81408430636
16.76,0.00,4574.24,0.00,2.71,0.00,-32.19,88622.56108851454
16.79,0.00,4574.30,0.00,1.75,0.00,-32.19,88622.38461476676
16.82,0.00,4574.34,0.00,0.78,0.00,-32.19,88622.28466183756
